match_id,season,date,match_type,venue,team1,team2,toss_winner,toss_decision,winner,win_by,win_margin,target_runs,team1_runs,team1_overs,team1_wickets,team1_run_rate,team2_runs,team2_overs,team2_wickets,team2_run_rate,t1_platinum,t1_diamond,t1_gold,t1_silver,t1_emerging,t1_supplementary,t2_platinum,t2_diamond,t2_gold,t2_silver,t2_emerging,t2_supplementary,season_winner
959175,2016,04/02/2016,League,Dubai International Cricket Stadium,Islamabad United, Quetta Gladiators,Quetta Gladiators,field,Quetta Gladiators,wickets,8,129,128,20,7,6.4,132,16,2,8.25,0,1,1,3,1,5,1,1,2,1,0,4,Islamabad United
959177,2016,05/02/2016,League,Dubai International Cricket Stadium,Lahore Qalandars, Karachi Kings,Karachi Kings,field,Karachi Kings,wickets,7,126,125,20,8,6.25,131,15.5,3,8.27,0,1,0,3,1,6,3,1,1,1,0,3,Islamabad United
959179,2016,05/02/2016,League,Dubai International Cricket Stadium,Peshawar Zalmi, Islamabad United,Peshawar Zalmi,bat,Peshawar Zalmi,runs,24,146,121,20,9,6.05,145,20,7,7.25,0,0,1,3,1,6,2,2,2,0,0,5,Islamabad United
959181,2016,06/02/2016,League,Dubai International Cricket Stadium,Karachi Kings, Quetta Gladiators,Quetta Gladiators,field,Quetta Gladiators,wickets,8,148,147,20,7,7.35,153,17.2,2,8.83,3,1,1,2,0,3,1,1,2,1,0,4,Islamabad United
959183,2016,06/02/2016,League,Dubai International Cricket Stadium,Lahore Qalandars, Peshawar Zalmi,Peshawar Zalmi,field,Peshawar Zalmi,wickets,9,118,117,20,6,5.85,118,16,1,7.38,1,0,0,3,1,6,2,1,2,0,0,3,Islamabad United
959185,2016,07/02/2016,League,Dubai International Cricket Stadium,Islamabad United, Karachi Kings,Karachi Kings,field,Islamabad United,runs,2,133,132,20,8,6.6,130,20,9,6.5,0,0,3,1,1,6,3,1,1,2,1,3,Islamabad United
959187,2016,07/02/2016,League,Dubai International Cricket Stadium,Peshawar Zalmi, Quetta Gladiators,Quetta Gladiators,field,Quetta Gladiators,wickets,3,136,135,20,7,6.75,139,19.5,7,7.01,2,2,2,0,0,5,1,1,2,1,0,6,Islamabad United
959189,2016,08/02/2016,League,Dubai International Cricket Stadium,Lahore Qalandars, Quetta Gladiators,Quetta Gladiators,field,Lahore Qalandars,runs,63,195,194,20,3,9.7,131,16.2,10,8.02,1,0,0,4,0,4,1,1,2,1,0,6,Islamabad United
959191,2016,10/02/2016,League,Sharjah Cricket Stadium,Lahore Qalandars, Islamabad United,Islamabad United,field,Islamabad United,wickets,8,167,166,20,6,8.3,169,15.5,2,10.67,1,0,0,3,1,6,0,0,2,2,1,4,Islamabad United
959195,2016,11/02/2016,League,Sharjah Cricket Stadium,Islamabad United, Quetta Gladiators,Quetta Gladiators,field,Quetta Gladiators,wickets,7,118,117,19.1,10,6.1,118,16.1,3,7.3,0,1,2,2,1,5,1,1,1,1,0,6,Islamabad United
959197,2016,12/02/2016,League,Sharjah Cricket Stadium,Karachi Kings, Lahore Qalandars,Lahore Qalandars,field,Karachi Kings,runs,27,179,178,20,5,8.9,151,20,8,7.55,3,1,0,4,1,2,1,0,0,3,1,6,Islamabad United
959199,2016,12/02/2016,League,Sharjah Cricket Stadium,Islamabad United, Peshawar Zalmi,Peshawar Zalmi,field,Peshawar Zalmi,wickets,7,153,152,20,6,7.6,153,18.3,3,8.27,0,0,3,0,1,7,2,2,2,0,0,5,Islamabad United
959201,2016,13/02/2016,League,Sharjah Cricket Stadium,Karachi Kings, Quetta Gladiators,Karachi Kings,bat,Quetta Gladiators,wickets,5,127,127,18.5,5,6.74,126,20,9,6.3,1,1,1,1,0,6,3,1,0,4,1,2,Islamabad United
959203,2016,13/02/2016,League,Sharjah Cricket Stadium,Lahore Qalandars, Peshawar Zalmi,Peshawar Zalmi,field,Lahore Qalandars,runs,4,165,164,20,3,8.2,160,20,7,8,1,0,0,2,1,5,2,2,2,0,0,5,Islamabad United
959205,2016,14/02/2016,League,Sharjah Cricket Stadium,Karachi Kings, Islamabad United,Islamabad United,field,Islamabad United,wickets,5,129,128,20,5,6.4,131,18.5,5,6.96,2,1,1,3,1,3,0,1,3,1,1,5,Islamabad United
959207,2016,14/02/2016,League,Sharjah Cricket Stadium,Quetta Gladiators, Peshawar Zalmi,Quetta Gladiators,bat,Peshawar Zalmi,wickets,8,130,130,18.4,2,6.96,129,18,10,7.17,2,2,1,0,0,4,1,0,2,2,0,6,Islamabad United
959209,2016,16/02/2016,League,Dubai International Cricket Stadium,Lahore Qalandars, Quetta Gladiators,Quetta Gladiators,field,Quetta Gladiators,wickets,2,202,201,20,2,10.05,203,20,8,10.15,1,0,0,3,0,5,1,1,2,1,1,5,Islamabad United
959211,2016,17/02/2016,League,Dubai International Cricket Stadium,Karachi Kings, Peshawar Zalmi,Karachi Kings,bat,Peshawar Zalmi,wickets,5,153,158,18.3,5,8.54,152,20,7,7.6,1,2,0,2,0,6,2,0,2,2,0,4,Islamabad United
959213,2016,17/02/2016,League,Dubai International Cricket Stadium,Lahore Qalandars, Islamabad United,Islamabad United,field,Islamabad United,wickets,5,151,150,20,5,7.5,151,19,5,7.95,1,1,0,1,0,7,0,2,2,0,1,6,Islamabad United
959215,2016,19/02/2016,Qualifier 1,Dubai International Cricket Stadium,Quetta Gladiators, Peshawar Zalmi,Peshawar Zalmi,field,Quetta Gladiators,runs,1,134,133,19.3,10,6.82,132,20,9,6.6,1,1,1,0,1,7,2,2,0,0,0,7,Islamabad United
959217,2016,20/02/2016,Qualifier 2,Dubai International Cricket Stadium,Karachi Kings, Islamabad United,Islamabad United,field,Islamabad United,wickets,9,112,111,20,9,5.55,115,14.2,1,8.02,1,1,1,3,1,4,0,1,2,1,0,4,Islamabad United
959219,2016,21/02/2016,Qualifier 3,Dubai International Cricket Stadium,Islamabad United, Peshawar Zalmi,Peshawar Zalmi,field,Islamabad United,runs,50,177,176,20,3,8.8,126,18,10,7,0,1,3,1,0,4,2,2,0,0,0,7,Islamabad United
959221,2016,23/02/2016,Final,Dubai International Cricket Stadium,Quetta Gladiators, Islamabad United,Islamabad United,field,Islamabad United,wickets,6,175,174,20,7,8.7,175,18.4,4,9.38,1,1,1,0,1,7,0,1,3,1,0,5,Islamabad United
1075986,2017,09/02/2017,League,Dubai International Cricket Stadium,Islamabad United, Peshawar Zalmi,Islamabad United,field,Islamabad United,wickets,7,173,190,20,9,9.5,175,17.4,3,9.91,1,1,1,2,0,6,0,2,1,2,1,4,Peshawar Zalmi
1075987,2017,10/02/2017,League,Dubai International Cricket Stadium,Lahore Qalandars, Quetta Gladiators,Lahore Qalandars,field,Quetta Gladiators,runs,8,137,136,20,9,6.8,128,18.4,10,6.86,1,1,1,1,0,7,1,2,1,2,0,5,Peshawar Zalmi
1075988,2017,10/02/2017,League,Dubai International Cricket Stadium,Karachi Kings, Peshawar Zalmi,Peshawar Zalmi,field,Peshawar Zalmi,wickets,7,119,118,20,7,5.9,119,18.3,3,6.43,1,1,2,1,1,5,2,1,1,1,1,4,Peshawar Zalmi
1075989,2017,11/02/2017,League,Dubai International Cricket Stadium,Islamabad United, Lahore Qalandars,Lahore Qalandars,field,Lahore Qalandars,wickets,6,159,158,20,7,7.9,160,18.2,4,8.73,1,0,1,4,0,5,1,2,0,2,0,5,Peshawar Zalmi
1075990,2017,11/02/2017,League,Dubai International Cricket Stadium,Karachi Kings, Quetta Gladiators,Quetta Gladiators,field,Quetta Gladiators,wickets,7,160,159,20,8,7.95,160,19.1,3,8.35,1,1,2,1,1,5,1,1,1,1,0,7,Peshawar Zalmi
1075991,2017,12/02/2017,League,Dubai International Cricket Stadium,Lahore Qalandars, Peshawar Zalmi,Peshawar Zalmi,field,Peshawar Zalmi,wickets,3,60,59,10.2,10,5.71,60,17,7,3.53,1,2,1,2,0,5,2,1,1,1,1,5,Peshawar Zalmi
1075992,2017,15/02/2017,League,Sharjah Cricket Stadium,Islamabad United, Quetta Gladiators,Islamabad United,field,Islamabad United,wickets,5,149,148,20,6,7.4,149,19.1,5,7.77,1,1,1,2,0,6,1,1,1,2,0,6,Peshawar Zalmi
1075993,2017,16/02/2017,League,Sharjah Cricket Stadium,Karachi Kings, Lahore Qalandars,Karachi Kings,field,Lahore Qalandars,runs,7,180,179,20,8,8.95,172,20,8,8.6,1,2,1,2,0,5,1,1,2,1,0,6,Peshawar Zalmi
1075994,2017,17/02/2017,League,Sharjah Cricket Stadium,Peshawar Zalmi, Quetta Gladiators,Quetta Gladiators,field,No Result,N/A,0,0,117,16,3,7.31,0,0,0,0,0,1,2,1,0,1,0,1,1,1,0,4,Peshawar Zalmi
1075995,2017,17/02/2017,League,Sharjah Cricket Stadium,Islamabad United, Karachi Kings,Karachi Kings,field,Karachi Kings,runs,8,68,90,13,8,6.92,75,9.4,4,7.76,1,1,1,3,0,5,1,1,2,1,0,5,Peshawar Zalmi
1075996,2017,18/02/2017,League,Sharjah Cricket Stadium,Lahore Qalandars, Quetta Gladiators,Quetta Gladiators,field,Quetta Gladiators,wickets,5,201,200,20,3,10,202,18.5,5,10.73,1,2,1,2,0,4,1,1,1,2,0,6,Peshawar Zalmi
1075997,2017,18/02/2017,League,Sharjah Cricket Stadium,Islamabad United, Peshawar Zalmi,Islamabad United,field,Islamabad United,wickets,5,137,136,20,9,6.8,137,20,5,6.85,2,2,2,2,0,3,1,1,1,1,1,6,Peshawar Zalmi
1075998,2017,19/02/2017,League,Sharjah Cricket Stadium,Karachi Kings, Peshawar Zalmi,Peshawar Zalmi,field,Karachi Kings,runs,9,175,174,20,4,8.7,165,19.5,10,8.32,1,1,2,1,0,6,2,1,2,1,0,5,Peshawar Zalmi
1075999,2017,20/02/2017,League,Sharjah Cricket Stadium,Islamabad United, Lahore Qalandars,Lahore Qalandars,field,Lahore Qalandars,wickets,1,146,145,20,8,7.25,146,19.2,9,7.55,1,1,1,1,1,6,1,2,1,2,0,5,Peshawar Zalmi
1076000,2017,23/02/2017,League,Dubai International Cricket Stadium,Karachi Kings, Quetta Gladiators,Quetta Gladiators,field,Quetta Gladiators,wickets,6,155,154,20,6,7.7,158,19,4,8.32,1,1,2,1,0,6,1,1,0,2,0,7,Peshawar Zalmi
1076001,2017,24/02/2017,League,Dubai International Cricket Stadium,Lahore Qalandars, Peshawar Zalmi,Peshawar Zalmi,bat,Peshawar Zalmi,runs,17,167,149,20,9,7.45,166,20,6,8.3,1,2,1,2,1,4,2,2,2,0,1,3,Peshawar Zalmi
1076002,2017,24/02/2017,League,Dubai International Cricket Stadium,Islamabad United, Quetta Gladiators,Quetta Gladiators,field,Islamabad United,runs,1,166,165,20,6,8.25,164,20,5,8.2,1,1,1,1,1,6,1,1,1,2,0,6,Peshawar Zalmi
1076003,2017,25/02/2017,League,Dubai International Cricket Stadium,Karachi Kings, Lahore Qalandars,Karachi Kings,field,Karachi Kings,wickets,5,156,155,20,6,7.75,158,20,5,7.9,1,2,1,2,0,5,1,1,2,1,0,6,Peshawar Zalmi
1076004,2017,25/02/2017,League,Dubai International Cricket Stadium,Peshawar Zalmi, Quetta Gladiators,Peshawar Zalmi,field,Peshawar Zalmi,wickets,2,129,128,20,10,6.4,130,19.2,8,6.72,1,0,2,2,0,6,2,2,2,1,1,3,Peshawar Zalmi
1076005,2017,26/02/2017,League,Dubai International Cricket Stadium,Islamabad United, Karachi Kings,Karachi Kings,field,Karachi Kings,wickets,6,124,123,15,7,8.2,127,14.5,4,8.56,1,1,1,2,1,5,1,1,2,1,0,6,Peshawar Zalmi
1076006,2017,28/02/2017,Qualifier 1,Sharjah Cricket Stadium,Quetta Gladiators, Peshawar Zalmi,Peshawar Zalmi,field,Quetta Gladiators,runs,1,201,200,20,7,10,199,20,9,9.95,1,1,1,1,0,7,2,1,1,1,1,5,Peshawar Zalmi
1076007,2017,01/03/2017,Qualifier 2,Sharjah Cricket Stadium,Karachi Kings, Islamabad United,Islamabad United,field,Karachi Kings,runs,44,127,126,19.4,10,6.41,82,15.2,10,5.35,1,1,2,1,0,6,1,1,1,2,1,5,Peshawar Zalmi
1076008,2017,03/03/2017,Qualifier 3,Dubai International Cricket Stadium,Peshawar Zalmi, Karachi Kings,Karachi Kings,field,Peshawar Zalmi,runs,24,182,181,20,3,9.05,157,20,7,7.85,2,1,1,0,1,5,1,1,2,1,0,6,Peshawar Zalmi
1076009,2017,05/03/2017,Final,Gaddafi Stadium,Peshawar Zalmi, Quetta Gladiators,Quetta Gladiators,field,Peshawar Zalmi,runs,58,149,148,20,6,7.4,90,16.3,10,5.45,1,1,1,0,1,7,1,1,1,1,0,7,Peshawar Zalmi
1128818,2018,22/02/2018,League,Dubai International Cricket Stadium,Peshawar Zalmi, Multan Sultans,Multan Sultans,field,Multan Sultans,wickets,7,152,151,20,6,7.55,152,19.1,3,7.93,2,2,1,2,1,3,2,1,3,1,0,3,Islamabad United
1128819,2018,23/02/2018,League,Dubai International Cricket Stadium,Karachi Kings, Quetta Gladiators,Karachi Kings,bat,Karachi Kings,runs,19,150,130,20,9,6.5,149,20,9,7.45,1,0,2,2,0,6,2,2,1,1,0,5,Islamabad United
1128820,2018,23/02/2018,League,Dubai International Cricket Stadium,Multan Sultans, Lahore Qalandars,Lahore Qalandars,field,Multan Sultans,runs,43,180,179,20,5,8.95,136,17.2,10,7.85,2,1,3,1,0,3,1,2,1,3,0,4,Islamabad United
1128821,2018,24/02/2018,League,Dubai International Cricket Stadium,Islamabad United, Peshawar Zalmi,Islamabad United,field,Peshawar Zalmi,runs,34,177,176,20,6,8.8,142,20,9,7.1,2,2,0,2,1,4,0,1,3,2,1,4,Islamabad United
1128822,2018,24/02/2018,League,Dubai International Cricket Stadium,Quetta Gladiators, Lahore Qalandars,Quetta Gladiators,field,Quetta Gladiators,wickets,9,120,119,20,9,5.95,120,14,1,8.57,1,2,1,2,0,5,0,0,2,1,0,4,Islamabad United
1128823,2018,25/02/2018,League,Dubai International Cricket Stadium,Multan Sultans, Islamabad United,Islamabad United,field,Islamabad United,wickets,5,114,113,19.5,10,5.7,117,17.4,5,6.62,2,1,3,1,1,3,0,1,3,1,2,4,Islamabad United
1128824,2018,25/02/2018,League,Dubai International Cricket Stadium,Karachi Kings, Peshawar Zalmi,Peshawar Zalmi,bat,Karachi Kings,wickets,5,132,135,19.4,5,6.86,131,20,9,6.55,2,2,1,1,0,5,2,2,0,2,1,4,Islamabad United
1128825,2018,26/02/2018,League,Dubai International Cricket Stadium,Karachi Kings, Lahore Qalandars,Karachi Kings,bat,Karachi Kings,runs,27,160,132,18.3,10,7.14,159,20,7,7.95,1,2,2,1,0,5,1,2,1,1,0,6,Islamabad United
1128826,2018,28/02/2018,League,Sharjah Cricket Stadium,Islamabad United, Quetta Gladiators,Quetta Gladiators,field,Quetta Gladiators,wickets,6,135,134,20,7,6.7,135,17.1,4,7.86,2,1,3,1,1,3,1,0,2,2,0,5,Islamabad United
1128827,2018,01/03/2018,League,Sharjah Cricket Stadium,Quetta Gladiators, Peshawar Zalmi,Peshawar Zalmi,field,Peshawar Zalmi,wickets,5,142,141,20,8,7.05,143,19.4,5,7.27,1,0,2,2,0,6,2,3,0,1,1,4,Islamabad United
1128829,2018,02/03/2018,League,Sharjah Cricket Stadium,Lahore Qalandars, Islamabad United,Lahore Qalandars,field,No Result,N/A,0,122,121,20,9,6.05,155,21.4,11,7.15,2,2,2,1,2,3,1,2,2,2,0,6,Islamabad United
1128830,2018,03/03/2018,League,Sharjah Cricket Stadium,Multan Sultans, Quetta Gladiators,Multan Sultans,field,Multan Sultans,wickets,9,103,102,15.4,10,6.51,108,16.4,1,6.48,1,1,1,2,0,6,2,1,3,1,0,2,Islamabad United
1128831,2018,03/03/2018,League,Sharjah Cricket Stadium,Peshawar Zalmi, Lahore Qalandars,Lahore Qalandars,bat,Peshawar Zalmi,wickets,10,101,104,13.4,0,7.61,100,17.2,10,5.77,1,2,1,0,1,2,1,2,2,1,0,5,Islamabad United
1128832,2018,04/03/2018,League,Sharjah Cricket Stadium,Islamabad United, Karachi Kings,Islamabad United,field,Islamabad United,wickets,8,154,153,20,6,7.65,156,17.2,2,9,1,2,1,1,0,6,1,1,2,1,1,2,Islamabad United
1128833,2018,06/03/2018,League,Dubai International Cricket Stadium,Peshawar Zalmi, Multan Sultans,Peshawar Zalmi,field,Multan Sultans,runs,19,184,183,20,3,9.15,164,20,8,8.2,2,1,3,1,0,2,2,1,2,0,1,5,Islamabad United
1128834,2018,07/03/2018,League,Dubai International Cricket Stadium,Multan Sultans, Quetta Gladiators,Quetta Gladiators,field,Quetta Gladiators,wickets,2,153,152,20,5,7.6,156,19.5,8,7.87,2,1,2,1,0,4,1,0,2,1,0,7,Islamabad United
1128835,2018,08/03/2018,League,Dubai International Cricket Stadium,Islamabad United, Lahore Qalandars,Islamabad United,field,Islamabad United,wickets,6,164,163,20,8,8.15,164,17.4,4,9.28,0,1,2,1,0,7,2,1,2,1,1,3,Islamabad United
1128836,2018,08/03/2018,League,Dubai International Cricket Stadium,Karachi Kings, Quetta Gladiators,Karachi Kings,field,Quetta Gladiators,runs,67,181,180,20,4,9,113,20,8,5.65,0,0,2,1,0,7,2,2,1,0,0,6,Islamabad United
1128837,2018,09/03/2018,League,Dubai International Cricket Stadium,Multan Sultans, Lahore Qalandars,Multan Sultans,bat,Lahore Qalandars,wickets,6,115,115,18.4,4,6.16,114,19.4,10,5.8,0,1,2,1,0,7,2,1,3,1,1,3,Islamabad United
1128838,2018,09/03/2018,League,Dubai International Cricket Stadium,Peshawar Zalmi, Islamabad United,Peshawar Zalmi,field,Islamabad United,runs,26,183,182,20,5,9.1,156,20,9,7.8,1,1,2,2,1,3,2,1,1,0,1,6,Islamabad United
1128839,2018,10/03/2018,League,Dubai International Cricket Stadium,Multan Sultans, Karachi Kings,Multan Sultans,field,Karachi Kings,runs,63,189,188,20,3,9.4,125,19.4,10,6.36,2,2,0,0,0,6,2,1,3,1,1,3,Islamabad United
1128840,2018,10/03/2018,League,Dubai International Cricket Stadium,Peshawar Zalmi, Quetta Gladiators,Quetta Gladiators,field,Quetta Gladiators,wickets,6,158,157,20,5,7.85,158,19.2,4,8.17,2,1,1,1,0,6,1,0,2,1,0,7,Islamabad United
1128841,2018,11/03/2018,League,Dubai International Cricket Stadium,Karachi Kings, Lahore Qalandars,Lahore Qalandars,field,No Result,N/A,0,164,163,20,5,8.15,182,22,11,8.27,2,2,0,0,0,7,1,1,2,1,0,9,Islamabad United
1128842,2018,13/03/2018,League,Sharjah Cricket Stadium,Multan Sultans, Islamabad United,Multan Sultans,field,Islamabad United,runs,33,186,185,20,4,9.25,152,19.1,10,7.93,1,1,2,2,1,3,2,1,2,1,1,4,Islamabad United
1128843,2018,14/03/2018,League,Sharjah Cricket Stadium,Quetta Gladiators, Lahore Qalandars,Quetta Gladiators,field,Lahore Qalandars,runs,17,187,186,20,4,9.3,169,20,6,8.45,0,1,2,0,0,7,1,0,1,2,0,7,Islamabad United
1128844,2018,15/03/2018,League,Sharjah Cricket Stadium,Peshawar Zalmi, Karachi Kings,Peshawar Zalmi,bat,Peshawar Zalmi,runs,44,182,137,20,8,6.85,181,20,6,9.05,2,1,1,1,0,6,2,1,1,1,1,5,Islamabad United
1128845,2018,15/03/2018,League,Sharjah Cricket Stadium,Quetta Gladiators, Islamabad United,Quetta Gladiators,bat,Islamabad United,wickets,6,148,149,18.2,4,8.13,147,20,7,7.35,1,1,2,2,1,3,1,0,1,3,0,6,Islamabad United
1128846,2018,16/03/2018,League,Sharjah Cricket Stadium,Peshawar Zalmi, Lahore Qalandars,Lahore Qalandars,bat,Peshawar Zalmi,wickets,7,173,176,18,3,9.78,172,20,4,8.6,2,1,1,1,1,4,0,1,2,1,0,7,Islamabad United
1128847,2018,16/03/2018,League,Sharjah Cricket Stadium,Islamabad United, Karachi Kings,Karachi Kings,field,Karachi Kings,wickets,7,125,124,19,10,6.53,125,17,3,7.35,2,0,2,3,1,3,2,1,0,1,0,6,Islamabad United
1128848,2018,18/03/2018,Qualifier,Dubai International Cricket Stadium,Islamabad United, Karachi Kings,Karachi Kings,bat,Islamabad United,wickets,8,155,155,12.3,2,12.4,154,20,4,7.7,0,1,2,1,2,3,2,1,0,1,0,6,Islamabad United
1128849,2018,20/03/2018,Eliminator,Gaddafi Stadium,Peshawar Zalmi, Quetta Gladiators,Quetta Gladiators,field,Peshawar Zalmi,runs,1,158,157,20,10,7.85,156,20,9,7.8,2,2,1,1,1,4,1,1,2,2,0,5,Islamabad United
1128850,2018,21/03/2018,Eliminator,Gaddafi Stadium,Karachi Kings, Peshawar Zalmi,Karachi Kings,field,Peshawar Zalmi,runs,13,171,170,16,7,10.62,157,16,2,9.81,2,1,1,1,1,5,1,1,0,1,0,7,Islamabad United
1128851,2018,25/03/2018,Final,National Stadium,Islamabad United, Peshawar Zalmi,Peshawar Zalmi,bat,Islamabad United,wickets,3,149,154,16.5,7,9.15,148,20,9,7.4,1,1,2,2,2,3,2,1,1,1,1,5,Islamabad United
1168820,2019,14/02/2019,League,Dubai International Cricket Stadium,Islamabad United, Lahore Qalandars,Islamabad United,field,Islamabad United,wickets,5,172,171,20.1,8,8.48,177,19.2,5,9.16,3,1,1,1,0,5,2,2,0,2,0,5,Quetta Gladiators
1168821,2019,15/02/2019,League,Dubai International Cricket Stadium,Karachi Kings, Multan Sultans,Karachi Kings,bat,Karachi Kings,runs,7,184,176,20,9,8.8,183,20,6,9.15,2,2,1,0,1,5,2,1,2,1,0,5,Quetta Gladiators
1168822,2019,15/02/2019,League,Dubai International Cricket Stadium,Peshawar Zalmi, Quetta Gladiators,Quetta Gladiators,field,Quetta Gladiators,wickets,6,156,155,20,4,7.75,161,19.4,4,8.19,2,2,0,2,1,3,1,1,2,0,1,6,Quetta Gladiators
1168823,2019,16/02/2019,League,Dubai International Cricket Stadium,Islamabad United, Multan Sultans,Multan Sultans,field,Multan Sultans,wickets,5,126,125,20,7,6.25,126,18.4,5,6.75,2,2,0,2,0,5,2,2,1,0,0,6,Quetta Gladiators
1168824,2019,16/02/2019,League,Dubai International Cricket Stadium,Karachi Kings, Lahore Qalandars,Karachi Kings,field,Lahore Qalandars,runs,22,139,138,20,6,6.9,116,19.5,10,5.85,3,1,1,1,0,5,2,1,2,1,0,5,Quetta Gladiators
1168825,2019,17/02/2019,League,Dubai International Cricket Stadium,Islamabad United, Quetta Gladiators,Quetta Gladiators,field,Quetta Gladiators,wickets,7,158,157,20,8,7.85,161,18.2,3,8.78,2,2,1,1,0,5,1,1,2,0,1,6,Quetta Gladiators
1168826,2019,17/02/2019,League,Dubai International Cricket Stadium,Lahore Qalandars, Peshawar Zalmi,Peshawar Zalmi,field,Peshawar Zalmi,wickets,7,79,78,15.1,10,5.14,81,10.1,3,7.97,2,0,1,2,0,6,2,1,1,1,0,4,Quetta Gladiators
1168827,2019,20/02/2019,League,Sharjah Cricket Stadium,Multan Sultans, Quetta Gladiators,Quetta Gladiators,field,Quetta Gladiators,wickets,8,161,160,20,9,8,161,18.3,2,8.7,2,1,1,1,0,6,0,1,2,1,1,4,Quetta Gladiators
1168828,2019,21/02/2019,League,Sharjah Cricket Stadium,Karachi Kings, Peshawar Zalmi,Karachi Kings,field,Peshawar Zalmi,runs,44,154,153,20,8,7.65,109,20,9,5.45,2,1,1,1,0,6,2,1,2,0,0,6,Quetta Gladiators
1168829,2019,22/02/2019,League,Sharjah Cricket Stadium,Lahore Qalandars, Multan Sultans,Lahore Qalandars,field,Lahore Qalandars,wickets,6,201,200,20,6,10,204,20,5,10.2,1,2,0,1,1,6,3,0,1,2,0,5,Quetta Gladiators
1168830,2019,22/02/2019,League,Sharjah Cricket Stadium,Islamabad United, Peshawar Zalmi,Peshawar Zalmi,field,Islamabad United,runs,12,159,158,20,9,7.9,146,19.4,10,7.42,2,2,0,2,1,4,2,1,1,1,1,5,Quetta Gladiators
1168831,2019,23/02/2019,League,Sharjah Cricket Stadium,Lahore Qalandars, Quetta Gladiators,Quetta Gladiators,field,Quetta Gladiators,wickets,3,144,143,20,7,7.15,148,20,7,7.4,3,1,1,1,0,5,1,1,2,2,1,4,Quetta Gladiators
1168832,2019,23/02/2019,League,Sharjah Cricket Stadium,Islamabad United, Karachi Kings,Islamabad United,field,Islamabad United,wickets,7,144,143,20,6,7.15,147,16.1,3,9.09,2,1,0,1,0,7,2,0,1,2,1,4,Quetta Gladiators
1168833,2019,24/02/2019,League,Sharjah Cricket Stadium,Multan Sultans, Peshawar Zalmi,Peshawar Zalmi,field,Peshawar Zalmi,wickets,5,146,145,20,10,7.25,146,19.4,5,7.42,2,2,0,1,1,5,2,1,0,1,1,5,Quetta Gladiators
1168834,2019,24/02/2019,League,Sharjah Cricket Stadium,Karachi Kings, Quetta Gladiators,Karachi Kings,field,Karachi Kings,wickets,6,187,186,20,5,9.3,188,18.4,4,10.07,0,1,2,2,1,4,2,1,0,2,0,6,Quetta Gladiators
1168835,2019,26/02/2019,League,Dubai International Cricket Stadium,Islamabad United, Multan Sultans,Multan Sultans,field,Multan Sultans,wickets,6,122,121,17.4,10,6.85,122,18.1,4,6.72,2,1,1,2,1,4,2,2,0,2,1,4,Quetta Gladiators
1168836,2019,27/02/2019,League,Dubai International Cricket Stadium,Lahore Qalandars, Quetta Gladiators,Lahore Qalandars,field,Lahore Qalandars,wickets,8,107,106,19.1,10,5.53,107,16.3,2,6.48,1,1,2,2,1,4,2,1,0,1,0,5,Quetta Gladiators
1168837,2019,27/02/2019,League,Dubai International Cricket Stadium,Islamabad United, Karachi Kings,Islamabad United,field,Islamabad United,wickets,5,169,168,20,8,8.4,169,19.2,5,8.74,2,1,0,1,0,7,2,1,1,1,1,5,Quetta Gladiators
1168838,2019,28/02/2019,League,Dubai International Cricket Stadium,Multan Sultans, Peshawar Zalmi,Peshawar Zalmi,field,Peshawar Zalmi,wickets,7,173,172,20,5,8.6,176,19.2,3,9.1,2,2,0,2,1,4,2,1,1,1,0,5,Quetta Gladiators
1168839,2019,28/02/2019,League,Dubai International Cricket Stadium,Karachi Kings, Lahore Qalandars,Karachi Kings,field,Karachi Kings,wickets,5,134,133,20,5,6.65,134,19.1,5,6.99,2,1,0,2,0,6,2,1,1,1,0,6,Quetta Gladiators
1168840,2019,01/03/2019,League,Dubai International Cricket Stadium,Islamabad United, Peshawar Zalmi,Peshawar Zalmi,field,Peshawar Zalmi,wickets,4,177,176,20,10,8.8,177,20,6,8.85,2,2,1,1,1,4,2,1,1,1,0,6,Quetta Gladiators
1168841,2019,01/03/2019,League,Dubai International Cricket Stadium,Multan Sultans, Quetta Gladiators,Quetta Gladiators,field,Quetta Gladiators,wickets,6,122,121,20,10,6.05,122,19,4,6.42,2,1,0,3,1,4,0,1,2,1,1,5,Quetta Gladiators
1168842,2019,04/03/2019,League,Sheikh Zayed Stadium,Peshawar Zalmi, Quetta Gladiators,Quetta Gladiators,field,Quetta Gladiators,wickets,8,166,165,20,4,8.25,166,17.4,2,9.4,2,1,1,1,1,5,0,1,1,1,1,5,Quetta Gladiators
1168843,2019,04/03/2019,League,Sheikh Zayed Stadium,Karachi Kings, Multan Sultans,Karachi Kings,field,Karachi Kings,wickets,5,119,118,20,7,5.9,120,19.2,5,6.21,1,1,0,2,1,6,1,1,1,1,0,7,Quetta Gladiators
1168844,2019,05/03/2019,League,Sheikh Zayed Stadium,Lahore Qalandars, Peshawar Zalmi,Peshawar Zalmi,field,Peshawar Zalmi,wickets,4,125,124,20,7,6.2,125,19.5,6,6.3,1,0,1,2,1,6,2,2,1,0,1,5,Quetta Gladiators
1168845,2019,05/03/2019,League,Sheikh Zayed Stadium,Islamabad United, Quetta Gladiators,Islamabad United,field,Quetta Gladiators,runs,43,181,180,20,9,9,137,20,9,6.85,1,1,2,0,1,6,2,2,0,1,0,6,Quetta Gladiators
1168847,2019,09/03/2019,League,National Stadium,Lahore Qalandars, Islamabad United,Lahore Qalandars,field,Islamabad United,runs,49,239,238,20,3,11.9,189,20,9,9.45,2,2,1,1,1,4,1,0,1,3,0,6,Quetta Gladiators
1168848,2019,10/03/2019,League,National Stadium,Karachi Kings, Quetta Gladiators,Quetta Gladiators,field,Karachi Kings,runs,1,191,190,20,5,9.5,189,20,7,9.45,1,1,0,2,0,7,1,1,2,1,1,5,Quetta Gladiators
1168846,2019,11/03/2019,League,National Stadium,Karachi Kings, Peshawar Zalmi,Karachi Kings,field,Peshawar Zalmi,runs,61,204,203,20,7,10.15,142,16.2,10,8.69,2,1,0,1,1,5,2,1,0,2,0,6,Quetta Gladiators
1168849,2019,11/03/2019,League,National Stadium,Lahore Qalandars, Multan Sultans,Multan Sultans,field,Multan Sultans,wickets,7,141,140,20,8,7,141,12.3,3,11.28,1,0,0,2,0,8,1,1,1,2,1,3,Quetta Gladiators
1168851,2019,13/03/2019,Qualifier,National Stadium,Peshawar Zalmi, Quetta Gladiators,Peshawar Zalmi,field,Quetta Gladiators,runs,10,187,186,20,6,9.3,176,20,7,8.8,1,1,2,1,1,5,2,2,0,1,1,5,Quetta Gladiators
1168850,2019,14/03/2019,Eliminator,National Stadium,Islamabad United, Karachi Kings,Karachi Kings,bat,Islamabad United,wickets,4,162,164,19.3,6,8.41,161,20,9,8.05,2,2,1,1,1,4,2,1,0,1,0,7,Quetta Gladiators
1168852,2019,15/03/2019,Eliminator,National Stadium,Islamabad United, Peshawar Zalmi,Islamabad United,field,Peshawar Zalmi,runs,48,215,214,20,5,10.7,166,20,9,8.3,2,1,0,1,0,5,2,2,1,1,1,4,Quetta Gladiators
1168853,2019,17/03/2019,Final,National Stadium,Quetta Gladiators, Peshawar Zalmi,Quetta Gladiators,field,Quetta Gladiators,wickets,8,139,138,20,8,6.9,139,17.5,2,7.79,2,1,1,1,1,5,0,1,1,1,1,5,Quetta Gladiators
1211642,2020,20/02/2020,League,National Stadium,Islamabad United, Quetta Gladiators,Quetta Gladiators,field,Quetta Gladiators,wickets,3,169,168,19.1,10,8.77,171,18.3,7,9.24,1,2,1,1,1,5,0,1,2,2,1,5,Lahore Qalandars
1211643,2020,21/02/2020,League,National Stadium,Karachi Kings, Peshawar Zalmi,Peshawar Zalmi,field,Karachi Kings,runs,10,202,201,20,4,10.05,191,20,7,9.55,2,2,1,1,1,3,2,2,0,2,0,5,Lahore Qalandars
1211644,2020,21/02/2020,League,Gaddafi Stadium,Lahore Qalandars, Multan Sultans,Multan Sultans,field,Multan Sultans,wickets,5,139,138,20,8,6.9,142,16.1,5,8.78,1,1,2,0,0,7,1,2,1,2,1,4,Lahore Qalandars
1211645,2020,22/02/2020,League,National Stadium,Peshawar Zalmi, Quetta Gladiators,Peshawar Zalmi,field,Peshawar Zalmi,wickets,6,149,148,20,5,7.4,153,18.3,4,8.27,0,1,2,1,1,5,2,2,0,1,1,5,Lahore Qalandars
1211646,2020,22/02/2020,League,Gaddafi Stadium,Islamabad United, Multan Sultans,Islamabad United,field,Islamabad United,wickets,8,165,164,20,8,8.2,165,16.4,2,9.9,1,2,1,2,1,4,1,1,1,1,1,5,Lahore Qalandars
1211647,2020,23/02/2020,League,National Stadium,Karachi Kings, Quetta Gladiators,Karachi Kings,bat,Quetta Gladiators,wickets,5,157,157,19,5,8.26,156,20,9,7.8,0,1,1,2,1,6,2,2,1,1,1,4,Lahore Qalandars
1211648,2020,23/02/2020,League,Gaddafi Stadium,Lahore Qalandars, Islamabad United,Islamabad United,field,Islamabad United,wickets,1,183,182,20,6,9.1,183,19.5,9,9.23,1,1,2,0,0,7,1,2,1,1,1,5,Lahore Qalandars
1211649,2020,26/02/2020,League,Multan Cricket Stadium,Multan Sultans, Peshawar Zalmi,Multan Sultans,field,Multan Sultans,wickets,6,124,123,18.3,10,6.65,124,14.5,4,8.36,2,2,0,1,1,5,1,2,1,2,1,4,Lahore Qalandars
1211650,2020,27/02/2020,League,Rawalpindi Cricket Stadium,Islamabad United, Quetta Gladiators,Quetta Gladiators,field,Quetta Gladiators,wickets,5,188,187,20,7,9.35,190,19.4,5,9.66,1,2,1,1,1,5,0,1,1,2,1,6,Lahore Qalandars
1211651,2020,28/02/2020,League,Multan Cricket Stadium,Multan Sultans, Karachi Kings,Karachi Kings,field,Multan Sultans,runs,52,187,186,20,6,9.3,134,17,10,7.88,1,2,1,2,1,4,2,2,1,1,1,4,Lahore Qalandars
1211652,2020,28/02/2020,League,Rawalpindi Cricket Stadium,Lahore Qalandars, Peshawar Zalmi,Lahore Qalandars,field,Peshawar Zalmi,runs,16,133,132,12,7,11,116,12,6,9.67,2,1,0,2,1,5,1,0,1,0,1,8,Lahore Qalandars
1211653,2020,29/02/2020,League,Multan Cricket Stadium,Multan Sultans, Quetta Gladiators,Multan Sultans,bat,Multan Sultans,runs,30,200,169,20,7,8.45,199,20,5,9.95,0,0,1,3,1,6,1,1,1,2,1,5,Lahore Qalandars
1211655,2020,01/03/2020,League,Rawalpindi Cricket Stadium,Islamabad United, Karachi Kings,Karachi Kings,field,Karachi Kings,wickets,5,184,183,20,3,9.15,187,18.4,5,10.02,1,1,1,2,1,4,2,2,1,1,1,4,Lahore Qalandars
1211656,2020,02/03/2020,League,Rawalpindi Cricket Stadium,Karachi Kings, Peshawar Zalmi,Karachi Kings,field,Karachi Kings,wickets,6,152,151,20,8,7.55,152,18.1,4,8.37,2,2,0,1,0,6,2,2,2,0,1,4,Lahore Qalandars
1211657,2020,03/03/2020,League,Gaddafi Stadium,Lahore Qalandars, Quetta Gladiators,Quetta Gladiators,field,Lahore Qalandars,runs,37,210,209,20,5,10.45,172,20,10,8.6,1,0,1,0,1,8,0,0,2,2,1,6,Lahore Qalandars
1211658,2020,04/03/2020,League,Gaddafi Stadium,Lahore Qalandars, Islamabad United,Lahore Qalandars,field,Islamabad United,runs,71,199,198,20,3,9.9,127,18.5,10,6.74,1,1,1,1,1,4,0,1,1,1,1,7,Lahore Qalandars
1211659,2020,05/03/2020,League,Rawalpindi Cricket Stadium,Peshawar Zalmi, Quetta Gladiators,Quetta Gladiators,field,Peshawar Zalmi,runs,30,171,170,15,6,11.33,140,15,7,9.33,2,2,1,1,0,5,0,1,1,2,1,6,Lahore Qalandars
1211660,2020,06/03/2020,League,Gaddafi Stadium,Karachi Kings, Multan Sultans,Karachi Kings,field,No Result,N/A,0,0,102,16.5,6,6.06,0,0,0,0,0,2,1,2,0,3,1,2,1,0,1,2,Lahore Qalandars
1211661,2020,07/03/2020,League,Rawalpindi Cricket Stadium,Islamabad United, Peshawar Zalmi,Peshawar Zalmi,field,Peshawar Zalmi,runs,7,79,195,20,5,9.75,85,9,2,9.44,1,2,1,2,0,4,2,2,1,1,0,4,Lahore Qalandars
1211662,2020,07/03/2020,League,Gaddafi Stadium,Lahore Qalandars, Quetta Gladiators,Lahore Qalandars,field,Lahore Qalandars,wickets,8,99,98,20,9,4.9,100,11.5,2,8.45,0,1,2,2,1,5,1,0,1,1,0,6,Lahore Qalandars
1211663,2020,08/03/2020,League,Rawalpindi Cricket Stadium,Islamabad United, Multan Sultans,Multan Sultans,field,Multan Sultans,wickets,9,92,91,9,7,10.11,94,6.4,1,14.1,1,1,1,2,1,5,0,2,2,0,1,3,Lahore Qalandars
1211664,2020,08/03/2020,League,Gaddafi Stadium,Lahore Qalandars, Karachi Kings,Lahore Qalandars,field,Lahore Qalandars,wickets,8,188,187,20,5,9.35,190,19.1,2,9.91,2,2,2,0,1,4,1,1,1,0,1,6,Lahore Qalandars
1211665,2020,10/03/2020,League,Gaddafi Stadium,Lahore Qalandars, Peshawar Zalmi,Lahore Qalandars,field,Lahore Qalandars,wickets,5,188,187,20,7,9.35,189,19.5,5,9.53,2,2,0,1,0,6,1,0,2,0,1,7,Lahore Qalandars
1211667,2020,12/03/2020,League,National Stadium,Karachi Kings, Lahore Qalandars,Karachi Kings,field,Karachi Kings,wickets,10,151,150,20,5,7.5,151,17.1,0,8.8,1,0,2,0,1,7,2,1,1,2,1,1,Lahore Qalandars
1211668,2020,13/03/2020,League,National Stadium,Multan Sultans, Peshawar Zalmi,Peshawar Zalmi,field,Multan Sultans,runs,3,155,154,20,6,7.7,151,20,8,7.55,1,2,1,3,1,3,2,2,1,3,1,2,Lahore Qalandars
1211669,2020,14/03/2020,League,National Stadium,Karachi Kings, Islamabad United,Karachi Kings,field,Karachi Kings,wickets,4,137,136,20,6,6.8,137,19.2,6,7.09,1,2,2,3,1,2,2,2,1,2,1,3,Lahore Qalandars
1211670,2020,15/03/2020,League,Gaddafi Stadium,Lahore Qalandars, Multan Sultans,Lahore Qalandars,field,Lahore Qalandars,wickets,9,187,186,20,6,9.3,191,18.5,1,10.14,0,1,1,4,1,4,1,0,2,1,0,6,Lahore Qalandars
1211671,2020,15/03/2020,League,National Stadium,Karachi Kings, Quetta Gladiators,Karachi Kings,bat,Quetta Gladiators,wickets,5,151,154,16.2,5,9.43,150,20,5,7.5,0,1,2,2,1,5,1,1,1,3,2,3,Lahore Qalandars
1211672,2021,14/11/2020,Qualifier,"National Stadium, Karachi",Multan Sultans, Karachi Kings,Karachi Kings,field,No Result,N/A,0,142,141,20,7,7.05,163,22,10,7.41,2,3,1,3,0,3,2,1,1,2,1,6,Multan Sultans
1211673,2021,14/11/2020,Eliminator,National Stadium,Peshawar Zalmi, Lahore Qalandars,Lahore Qalandars,field,Lahore Qalandars,wickets,5,171,170,20,9,8.5,171,19,5,9,2,0,1,3,0,5,1,2,1,1,0,5,Multan Sultans
1211675,2021,15/11/2020,Eliminator,National Stadium,Lahore Qalandars, Multan Sultans,Multan Sultans,field,Lahore Qalandars,runs,25,183,182,20,6,9.1,157,19.1,10,8.19,1,2,1,2,0,5,1,3,1,2,0,4,Multan Sultans
1231146,2021,17/11/2020,Final,National Stadium,Lahore Qalandars, Karachi Kings,Lahore Qalandars,bat,Karachi Kings,wickets,5,135,135,18.4,5,7.23,134,20,7,6.7,2,1,1,3,1,3,1,2,1,2,0,5,Multan Sultans
1247011,2021,20/02/2021,League,National Stadium,Quetta Gladiators, Karachi Kings,Karachi Kings,field,Karachi Kings,wickets,7,122,121,18.2,10,6.6,126,13.5,3,9.11,0,1,3,1,1,5,2,2,2,1,1,3,Multan Sultans
1247012,2021,21/02/2021,League,National Stadium,Peshawar Zalmi, Lahore Qalandars,Lahore Qalandars,field,Lahore Qalandars,wickets,4,141,140,20,6,7,143,18.3,6,7.73,2,2,2,2,0,3,2,1,0,2,0,6,Multan Sultans
1247013,2021,21/02/2021,League,National Stadium,Multan Sultans, Islamabad United,Islamabad United,field,Islamabad United,wickets,3,151,150,20,8,7.5,151,19,7,7.95,1,2,0,3,1,4,2,1,2,2,1,3,Multan Sultans
1247014,2021,22/02/2021,League,National Stadium,Quetta Gladiators, Lahore Qalandars,Lahore Qalandars,field,Lahore Qalandars,wickets,9,179,178,20,6,8.9,179,18.2,1,9.76,0,1,2,2,1,5,2,2,0,1,0,3,Multan Sultans
1247015,2021,23/02/2021,League,National Stadium,Multan Sultans, Peshawar Zalmi,Peshawar Zalmi,field,Peshawar Zalmi,wickets,6,194,193,20,4,9.65,197,19,4,10.37,1,2,1,2,0,5,2,2,1,3,0,3,Multan Sultans
1247016,2021,24/02/2021,League,National Stadium,Karachi Kings, Islamabad United,Islamabad United,field,Islamabad United,wickets,5,197,196,20,3,9.8,197,19.1,5,10.28,2,2,2,1,1,1,2,1,2,2,1,3,Multan Sultans
1247017,2021,26/02/2021,League,National Stadium,Lahore Qalandars, Multan Sultans,Multan Sultans,field,Multan Sultans,wickets,7,158,157,20,6,7.85,159,16.2,3,9.73,1,2,0,1,0,7,1,0,1,3,0,5,Multan Sultans
1247018,2021,26/02/2021,League,National Stadium,Quetta Gladiators, Peshawar Zalmi,Peshawar Zalmi,field,Peshawar Zalmi,wickets,3,199,198,20,7,9.9,202,19.3,7,10.36,0,1,2,1,1,6,2,2,1,3,0,3,Multan Sultans
1247019,2021,27/02/2021,League,National Stadium,Multan Sultans, Karachi Kings,Karachi Kings,field,Karachi Kings,wickets,7,196,195,20,6,9.75,198,18.5,3,10.51,1,1,1,3,0,5,2,2,1,1,1,3,Multan Sultans
1247020,2021,27/02/2021,League,National Stadium,Islamabad United, Peshawar Zalmi,Peshawar Zalmi,field,Peshawar Zalmi,wickets,6,119,118,17.1,10,6.87,122,17.1,4,7.11,2,1,2,1,1,4,2,2,1,2,0,4,Multan Sultans
1247021,2021,28/02/2021,League,National Stadium,Karachi Kings, Lahore Qalandars,Lahore Qalandars,field,Lahore Qalandars,wickets,6,187,186,20,9,9.3,189,19.2,4,9.78,2,2,1,2,1,3,1,2,0,1,0,6,Multan Sultans
1247022,2021,02/03/2021,League,National Stadium,Quetta Gladiators, Islamabad United,Islamabad United,field,Islamabad United,wickets,6,157,156,20,7,7.8,157,17,4,9.24,0,1,2,1,1,6,2,1,2,3,1,2,Multan Sultans
1247023,2021,03/03/2021,League,National Stadium,Peshawar Zalmi, Karachi Kings,Karachi Kings,field,Karachi Kings,wickets,6,189,188,20,5,9.4,191,19.3,4,9.79,1,1,2,3,0,4,2,2,1,1,1,4,Multan Sultans
1247024,2021,03/03/2021,League,National Stadium,Quetta Gladiators, Multan Sultans,Multan Sultans,field,Quetta Gladiators,runs,22,177,176,20,7,8.8,154,19.4,10,7.83,0,1,1,2,1,6,0,2,1,3,0,5,Multan Sultans
1247027,2021,09/06/2021,League,"Sheikh Zayed Stadium, Abu Dhabi",Islamabad United, Lahore Qalandars,Lahore Qalandars,field,Lahore Qalandars,wickets,5,144,143,20,9,7.15,144,20,5,7.2,2,1,2,2,1,3,2,2,0,2,0,5,Multan Sultans
1247025,2021,10/06/2021,League,"Sheikh Zayed Stadium, Abu Dhabi",Multan Sultans, Karachi Kings,Karachi Kings,field,Multan Sultans,runs,12,177,176,20,5,8.8,164,20,7,8.2,0,3,1,3,0,4,2,2,1,1,2,3,Multan Sultans
1247026,2021,10/06/2021,League,"Sheikh Zayed Stadium, Abu Dhabi",Lahore Qalandars, Peshawar Zalmi,Peshawar Zalmi,field,Lahore Qalandars,runs,10,171,170,20,8,8.5,160,20,8,8,2,2,0,2,0,5,2,1,1,3,0,4,Multan Sultans
1247028,2021,11/06/2021,League,"Sheikh Zayed Stadium, Abu Dhabi",Quetta Gladiators, Islamabad United,Islamabad United,field,Islamabad United,wickets,10,134,133,20,10,6.65,137,10,0,13.7,0,2,2,1,0,7,2,0,0,1,1,3,Multan Sultans
1247030,2021,12/06/2021,League,"Sheikh Zayed Stadium, Abu Dhabi",Peshawar Zalmi, Quetta Gladiators,Quetta Gladiators,field,Peshawar Zalmi,runs,61,198,197,20,5,9.85,136,20,9,6.8,2,1,1,3,0,4,0,2,1,1,1,6,Multan Sultans
1247029,2021,13/06/2021,League,"Sheikh Zayed Stadium, Abu Dhabi",Islamabad United, Lahore Qalandars,Islamabad United,bat,Islamabad United,runs,28,153,124,18.2,10,6.76,152,20,7,7.6,2,2,0,2,0,5,1,0,2,3,1,4,Multan Sultans
1247031,2021,13/06/2021,League,"Sheikh Zayed Stadium, Abu Dhabi",Peshawar Zalmi, Multan Sultans,Multan Sultans,field,Multan Sultans,wickets,8,167,166,20,7,8.3,167,16.3,2,10.12,2,1,1,3,0,4,0,2,1,2,0,4,Multan Sultans
1247032,2021,14/06/2021,League,"Sheikh Zayed Stadium, Abu Dhabi",Karachi Kings, Islamabad United,Islamabad United,field,Islamabad United,wickets,8,191,190,20,4,9.5,191,18.4,2,10.23,2,2,1,1,1,4,2,0,0,1,1,5,Multan Sultans
1247033,2021,15/06/2021,League,"Sheikh Zayed Stadium, Abu Dhabi",Quetta Gladiators, Lahore Qalandars,Lahore Qalandars,field,Quetta Gladiators,runs,18,159,158,20,5,7.9,140,18,10,7.78,0,2,2,0,0,7,2,2,0,2,0,5,Multan Sultans
1247034,2021,15/06/2021,League,"Sheikh Zayed Stadium, Abu Dhabi",Karachi Kings, Peshawar Zalmi,Peshawar Zalmi,field,Peshawar Zalmi,wickets,6,109,108,20,9,5.4,109,11,4,9.91,2,2,2,1,0,4,2,1,1,2,1,4,Multan Sultans
1247035,2021,16/06/2021,League,"Sheikh Zayed Stadium, Abu Dhabi",Multan Sultans, Quetta Gladiators,Quetta Gladiators,field,Multan Sultans,runs,110,184,183,20,5,9.15,73,12.1,10,6,0,3,1,2,0,5,0,2,2,0,0,7,Multan Sultans
1247036,2021,17/06/2021,League,"Sheikh Zayed Stadium, Abu Dhabi",Islamabad United, Peshawar Zalmi,Peshawar Zalmi,field,Islamabad United,runs,15,248,247,20,2,12.35,232,20,6,11.6,1,0,2,1,0,5,2,1,0,2,1,5,Multan Sultans
1247037,2021,17/06/2021,League,"Sheikh Zayed Stadium, Abu Dhabi",Karachi Kings, Lahore Qalandars,Karachi Kings,bat,Karachi Kings,runs,7,177,169,20,7,8.45,176,20,5,8.8,2,2,0,2,0,5,2,2,1,2,0,4,Multan Sultans
1247038,2021,18/06/2021,League,"Sheikh Zayed Stadium, Abu Dhabi",Multan Sultans, Lahore Qalandars,Lahore Qalandars,field,Multan Sultans,runs,80,170,169,20,8,8.45,89,15.1,10,5.87,0,3,1,2,0,5,2,2,0,2,0,5,Multan Sultans
1247039,2021,19/06/2021,League,"Sheikh Zayed Stadium, Abu Dhabi",Karachi Kings, Quetta Gladiators,Karachi Kings,bat,Karachi Kings,runs,14,177,162,20,6,8.1,176,20,7,8.8,0,0,2,1,1,7,2,2,1,2,1,3,Multan Sultans
1247040,2021,19/06/2021,League,"Sheikh Zayed Stadium, Abu Dhabi",Multan Sultans, Islamabad United,Islamabad United,field,Islamabad United,wickets,4,150,149,20,10,7.45,150,19.4,6,7.63,0,0,2,3,1,5,1,1,2,1,1,5,Multan Sultans
1247041,2021,21/06/2021,Qualifier,"Sheikh Zayed Stadium, Abu Dhabi",Multan Sultans, Islamabad United,Multan Sultans,bat,Multan Sultans,runs,31,181,149,19,10,7.84,180,20,5,9,2,1,2,1,1,4,0,3,1,2,0,5,Multan Sultans
1247042,2021,21/06/2021,Eliminator,"Sheikh Zayed Stadium, Abu Dhabi",Karachi Kings, Peshawar Zalmi,Peshawar Zalmi,field,Peshawar Zalmi,wickets,5,176,175,20,7,8.75,176,19.5,5,8.87,2,1,1,2,1,4,2,1,0,4,0,4,Multan Sultans
1247043,2021,22/06/2021,Eliminator,"Sheikh Zayed Stadium, Abu Dhabi",Islamabad United, Peshawar Zalmi,Peshawar Zalmi,field,Peshawar Zalmi,wickets,8,175,174,20,9,8.7,177,16.5,2,10.51,2,1,1,1,1,5,2,1,1,3,0,2,Multan Sultans
1247044,2021,24/06/2021,Final,"Sheikh Zayed Stadium, Abu Dhabi",Multan Sultans, Peshawar Zalmi,Peshawar Zalmi,field,Multan Sultans,runs,47,207,206,20,4,10.3,159,20,9,7.95,0,3,1,2,0,5,2,1,1,2,0,5,Multan Sultans
1293000,2022,27/01/2022,League,"National Stadium, Karachi",Karachi Kings, Multan Sultans,Multan Sultans,field,Multan Sultans,wickets,7,125,124,20,5,6.2,126,18.2,3,6.87,1,1,2,2,1,4,1,2,2,1,0,5,Lahore Qalandars
1293001,2022,28/01/2022,League,"National Stadium, Karachi",Quetta Gladiators, Peshawar Zalmi,Peshawar Zalmi,field,Peshawar Zalmi,wickets,5,191,190,20,4,9.5,191,19.4,5,9.71,0,2,2,1,1,4,0,2,2,1,0,6,Lahore Qalandars
1293002,2022,29/01/2022,League,"National Stadium, Karachi",Lahore Qalandars, Multan Sultans,Multan Sultans,field,Multan Sultans,wickets,5,207,206,20,5,10.3,209,19.4,5,10.63,2,2,1,1,1,4,1,2,2,0,0,6,Lahore Qalandars
1293003,2022,29/01/2022,League,"National Stadium, Karachi",Karachi Kings, Quetta Gladiators,Quetta Gladiators,field,Quetta Gladiators,wickets,8,114,113,17.3,10,6.46,114,15.5,2,7.2,2,1,2,1,1,4,0,2,2,1,0,5,Lahore Qalandars
1293004,2022,30/01/2022,League,"National Stadium, Karachi",Peshawar Zalmi, Islamabad United,Islamabad United,field,Islamabad United,wickets,9,169,168,20,6,8.4,172,15.5,1,10.86,1,2,2,0,0,6,1,2,0,0,1,5,Lahore Qalandars
1293005,2022,30/01/2022,League,"National Stadium, Karachi",Karachi Kings, Lahore Qalandars,Lahore Qalandars,field,Lahore Qalandars,wickets,6,171,170,20,7,8.5,174,19.2,4,9,2,1,2,2,0,3,2,2,1,1,1,3,Lahore Qalandars
1293006,2022,31/01/2022,League,"National Stadium, Karachi",Multan Sultans, Quetta Gladiators,Quetta Gladiators,field,Multan Sultans,runs,6,175,174,20,4,8.7,168,19.5,10,8.47,1,2,2,1,1,4,0,2,2,1,1,5,Lahore Qalandars
1293007,2022,01/02/2022,League,"National Stadium, Karachi",Multan Sultans, Islamabad United,Islamabad United,field,Multan Sultans,runs,20,218,217,20,5,10.85,197,19.4,10,10.02,1,2,2,2,1,3,2,2,1,0,1,5,Lahore Qalandars
1293008,2022,02/02/2022,League,"National Stadium, Karachi",Lahore Qalandars, Peshawar Zalmi,Peshawar Zalmi,field,Lahore Qalandars,runs,29,200,199,20,4,9.95,170,20,9,8.5,2,2,1,1,1,2,1,2,2,2,0,4,Lahore Qalandars
1293009,2022,03/02/2022,League,"National Stadium, Karachi",Islamabad United, Quetta Gladiators,Quetta Gladiators,field,Islamabad United,runs,43,230,229,20,4,11.45,186,19.3,10,9.54,2,2,1,1,1,4,0,2,2,1,1,5,Lahore Qalandars
1293010,2022,04/02/2022,League,"National Stadium, Karachi",Peshawar Zalmi, Karachi Kings,Karachi Kings,field,Peshawar Zalmi,runs,9,174,173,20,4,8.65,164,20,6,8.2,1,2,2,2,0,4,2,1,2,1,0,4,Lahore Qalandars
1293011,2022,05/02/2022,League,"National Stadium, Karachi",Lahore Qalandars, Islamabad United,Islamabad United,field,Lahore Qalandars,runs,8,175,174,20,9,8.7,166,20,5,8.3,2,2,1,1,1,4,2,2,1,1,1,4,Lahore Qalandars
1293012,2022,05/02/2022,League,"National Stadium, Karachi",Multan Sultans, Peshawar Zalmi,Peshawar Zalmi,field,Multan Sultans,runs,57,223,222,20,3,11.1,165,20,8,8.25,1,2,2,1,1,3,1,2,1,2,0,5,Lahore Qalandars
1293013,2022,06/02/2022,League,"National Stadium, Karachi",Islamabad United, Karachi Kings,Islamabad United,bat,Islamabad United,runs,42,178,135,20,9,6.75,177,20,6,8.85,2,1,1,1,1,5,2,2,1,1,1,4,Lahore Qalandars
1293014,2022,07/02/2022,League,"National Stadium, Karachi",Lahore Qalandars, Quetta Gladiators,Quetta Gladiators,field,Quetta Gladiators,wickets,7,205,204,20,5,10.2,207,19.3,3,10.62,2,2,1,1,1,4,0,2,2,0,0,6,Lahore Qalandars
1293015,2022,10/02/2022,League,"Gaddafi Stadium, Lahore",Multan Sultans, Peshawar Zalmi,Peshawar Zalmi,field,Multan Sultans,runs,42,183,182,20,7,9.1,140,19.3,10,7.18,1,2,2,1,1,4,1,2,1,2,0,5,Lahore Qalandars
1293016,2022,11/02/2022,League,"Gaddafi Stadium, Lahore",Lahore Qalandars, Multan Sultans,Multan Sultans,field,Lahore Qalandars,runs,52,183,182,20,4,9.1,130,19.3,10,6.67,2,2,1,1,1,3,1,2,2,1,1,4,Lahore Qalandars
1293017,2022,12/02/2022,League,"Gaddafi Stadium, Lahore",Islamabad United, Quetta Gladiators,Quetta Gladiators,field,Quetta Gladiators,wickets,5,200,199,20,8,9.95,203,19.4,5,10.32,2,2,1,1,1,4,0,1,2,1,0,7,Lahore Qalandars
1293018,2022,13/02/2022,League,"Gaddafi Stadium, Lahore",Peshawar Zalmi, Karachi Kings,Karachi Kings,field,Peshawar Zalmi,runs,55,194,193,20,6,9.65,138,20,6,6.9,1,2,0,1,0,7,2,1,2,1,1,4,Lahore Qalandars
1293019,2022,13/02/2022,League,"Gaddafi Stadium, Lahore",Quetta Gladiators, Lahore Qalandars,Lahore Qalandars,field,Lahore Qalandars,wickets,8,142,141,20,7,7.05,143,17.4,2,8.09,0,1,1,2,0,7,2,2,1,1,1,2,Lahore Qalandars
1293020,2022,14/02/2022,League,"Gaddafi Stadium, Lahore",Islamabad United, Karachi Kings,Karachi Kings,field,Islamabad United,runs,1,192,191,20,7,9.55,190,20,8,9.5,2,2,1,2,1,3,2,1,1,2,1,4,Lahore Qalandars
1293021,2022,15/02/2022,League,"Gaddafi Stadium, Lahore",Peshawar Zalmi, Quetta Gladiators,Peshawar Zalmi,bat,Peshawar Zalmi,runs,24,186,161,20,8,8.05,185,20,7,9.25,0,1,1,3,0,6,1,1,2,1,0,6,Lahore Qalandars
1293022,2022,16/02/2022,League,"Gaddafi Stadium, Lahore",Karachi Kings, Multan Sultans,Karachi Kings,bat,Multan Sultans,wickets,7,175,176,19.3,3,9.03,174,20,6,8.7,1,1,2,2,0,4,2,1,1,3,1,2,Lahore Qalandars
1293023,2022,17/02/2022,League,"Gaddafi Stadium, Lahore",Peshawar Zalmi, Islamabad United,Peshawar Zalmi,bat,Peshawar Zalmi,runs,10,207,196,20,7,9.8,206,20,8,10.3,1,1,1,2,1,5,1,1,2,1,0,6,Lahore Qalandars
1293024,2022,18/02/2022,League,"Gaddafi Stadium, Lahore",Multan Sultans, Quetta Gladiators,Multan Sultans,bat,Multan Sultans,runs,117,246,128,15.5,10,8.08,245,20,3,12.25,0,1,1,2,0,7,1,1,2,2,0,4,Lahore Qalandars
1293025,2022,18/02/2022,League,"Gaddafi Stadium, Lahore",Karachi Kings, Lahore Qalandars,Karachi Kings,bat,Karachi Kings,runs,22,150,127,20,9,6.35,149,19.5,10,7.51,2,2,1,1,1,4,2,1,1,2,1,4,Lahore Qalandars
1293026,2022,19/02/2022,League,"Gaddafi Stadium, Lahore",Lahore Qalandars, Islamabad United,Lahore Qalandars,bat,Lahore Qalandars,runs,66,198,131,20,9,6.55,197,20,6,9.85,1,1,1,2,1,5,2,2,0,2,1,4,Lahore Qalandars
1293027,2022,20/02/2022,League,"Gaddafi Stadium, Lahore",Quetta Gladiators, Karachi Kings,Quetta Gladiators,bat,Quetta Gladiators,runs,23,167,143,20,8,7.15,166,20,4,8.3,2,0,1,3,1,4,0,1,1,2,1,5,Lahore Qalandars
1293028,2022,20/02/2022,League,"Gaddafi Stadium, Lahore",Islamabad United, Multan Sultans,Islamabad United,bat,Multan Sultans,wickets,6,106,111,17.2,4,6.4,105,20,7,5.25,1,1,2,2,1,3,1,0,1,2,1,6,Lahore Qalandars
1293029,2022,21/02/2022,League,"Gaddafi Stadium, Lahore",Peshawar Zalmi, Lahore Qalandars,Peshawar Zalmi,bat,No Result,N/A,0,159,171,21.2,8,8.02,158,20,7,7.9,2,3,0,2,1,5,1,2,1,2,0,6,Lahore Qalandars
1293030,2022,23/02/2022,Qualifier,"Gaddafi Stadium, Lahore",Multan Sultans, Lahore Qalandars,Lahore Qalandars,field,Multan Sultans,runs,28,164,163,20,2,8.15,135,20,9,6.75,1,1,2,2,1,3,1,2,1,1,1,5,Lahore Qalandars
1293031,2022,24/02/2022,Eliminator,"Gaddafi Stadium, Lahore",Peshawar Zalmi, Islamabad United,Peshawar Zalmi,bat,Islamabad United,wickets,5,170,170,19.3,5,8.72,169,20,5,8.45,2,2,1,1,0,5,1,2,1,2,0,5,Lahore Qalandars
1293032,2022,25/02/2022,Eliminator,"Gaddafi Stadium, Lahore",Lahore Qalandars, Islamabad United,Lahore Qalandars,bat,Lahore Qalandars,runs,6,169,162,19.4,10,8.24,168,20,7,8.4,2,1,1,1,0,6,1,2,1,1,1,5,Lahore Qalandars
1293033,2022,27/02/2022,Final,"Gaddafi Stadium, Lahore",Lahore Qalandars, Multan Sultans,Lahore Qalandars,bat,Lahore Qalandars,runs,42,181,138,19.3,10,7.08,180,20,5,9,1,1,2,2,1,4,1,2,1,2,1,4,Lahore Qalandars
1354924,2023,13/02/2023,League,Multan Cricket Stadium,Lahore Qalandars, Multan Sultans,Multan Sultans,field,Lahore Qalandars,runs,1,176,175,20,6,8.75,174,20,6,8.7,1,2,1,1,1,5,1,2,0,3,1,4,Lahore Qalandars
1354925,2023,14/02/2023,League,"National Stadium, Karachi",Peshawar Zalmi, Karachi Kings,Karachi Kings,field,Peshawar Zalmi,runs,2,200,199,20,5,9.95,197,20,5,9.85,1,1,1,2,1,5,2,3,0,2,1,3,Lahore Qalandars
1354926,2023,15/02/2023,League,Multan Cricket Stadium,Quetta Gladiators, Multan Sultans,Multan Sultans,field,Multan Sultans,wickets,9,111,110,18.5,10,5.84,111,13.3,1,8.22,2,1,2,1,1,4,1,1,0,2,2,2,Lahore Qalandars
1354927,2023,16/02/2023,League,"National Stadium, Karachi",Karachi Kings, Islamabad United,Islamabad United,field,Islamabad United,wickets,4,174,173,20,7,8.65,178,18.2,6,9.71,1,3,0,1,1,5,1,2,2,1,1,4,Lahore Qalandars
1354928,2023,17/02/2023,League,Multan Cricket Stadium,Multan Sultans, Peshawar Zalmi,Peshawar Zalmi,field,Multan Sultans,runs,56,211,210,20,3,10.5,154,18.5,10,8.18,1,2,0,2,2,4,1,1,1,2,1,5,Lahore Qalandars
1354929,2023,18/02/2023,League,"National Stadium, Karachi",Quetta Gladiators, Karachi Kings,Karachi Kings,field,Quetta Gladiators,runs,6,169,168,20,7,8.4,162,20,5,8.1,3,1,1,1,1,4,2,3,0,2,1,3,Lahore Qalandars
1354930,2023,19/02/2023,League,Multan Cricket Stadium,Multan Sultans, Islamabad United,Islamabad United,field,Multan Sultans,runs,52,191,190,20,4,9.5,138,17.5,10,7.74,1,2,1,1,2,4,1,1,2,2,1,4,Lahore Qalandars
1354931,2023,19/02/2023,League,"National Stadium, Karachi",Karachi Kings, Lahore Qalandars,Lahore Qalandars,field,Karachi Kings,runs,67,186,185,20,5,9.25,118,17.3,10,6.74,2,3,0,2,1,3,1,2,1,1,1,5,Lahore Qalandars
1354932,2023,20/02/2023,League,"National Stadium, Karachi",Quetta Gladiators, Peshawar Zalmi,Peshawar Zalmi,field,Peshawar Zalmi,wickets,4,155,154,20,4,7.7,157,18.3,6,8.49,3,1,2,0,0,4,1,1,2,2,1,4,Lahore Qalandars
1354933,2023,21/02/2023,League,"National Stadium, Karachi",Lahore Qalandars, Quetta Gladiators,Quetta Gladiators,field,Lahore Qalandars,runs,63,199,198,20,6,9.9,135,20,8,6.75,2,2,1,1,1,4,3,1,2,0,1,4,Lahore Qalandars
1354934,2023,22/02/2023,League,Multan Cricket Stadium,Multan Sultans, Karachi Kings,Karachi Kings,field,Multan Sultans,runs,3,197,196,20,2,9.8,193,20,5,9.65,1,2,1,1,2,3,2,2,0,2,1,4,Lahore Qalandars
1354935,2023,23/02/2023,League,"National Stadium, Karachi",Peshawar Zalmi, Islamabad United,Islamabad United,field,Islamabad United,wickets,6,157,156,20,8,7.8,159,14.5,4,10.72,1,1,2,2,1,4,2,1,3,1,0,4,Lahore Qalandars
1354936,2023,24/02/2023,League,"National Stadium, Karachi",Islamabad United, Quetta Gladiators,Islamabad United,bat,Islamabad United,runs,63,221,157,19.1,10,8.19,220,20,6,11,2,1,2,0,1,5,2,2,3,1,0,2,Lahore Qalandars
1354937,2023,26/02/2023,League,"National Stadium, Karachi",Karachi Kings, Multan Sultans,Multan Sultans,field,Karachi Kings,runs,66,168,167,20,3,8.35,101,16.3,10,6.12,0,2,0,3,0,3,1,2,0,2,2,4,Lahore Qalandars
1354938,2023,26/02/2023,League,"Gaddafi Stadium, Lahore",Lahore Qalandars, Peshawar Zalmi,Lahore Qalandars,bat,Lahore Qalandars,runs,40,242,201,20,9,10.05,241,20,3,12.05,1,1,2,2,0,5,2,2,2,0,1,4,Lahore Qalandars
1354939,2023,27/02/2023,League,"Gaddafi Stadium, Lahore",Lahore Qalandars, Islamabad United,Lahore Qalandars,bat,Lahore Qalandars,runs,110,201,90,13.5,10,6.51,200,20,7,10,2,1,3,1,1,3,2,2,2,0,1,4,Lahore Qalandars
1354940,2023,01/03/2023,League,Rawalpindi Cricket Stadium,Peshawar Zalmi, Karachi Kings,Karachi Kings,field,Peshawar Zalmi,runs,24,198,197,20,5,9.85,173,20,8,8.65,1,2,2,2,1,3,0,3,0,3,1,4,Lahore Qalandars
1354941,2023,02/03/2023,League,"Gaddafi Stadium, Lahore",Lahore Qalandars, Quetta Gladiators,Quetta Gladiators,field,Lahore Qalandars,runs,17,149,148,19.2,10,7.66,131,20,7,6.55,2,2,2,0,1,4,2,1,1,2,0,5,Lahore Qalandars
1354942,2023,03/03/2023,League,Rawalpindi Cricket Stadium,Karachi Kings, Islamabad United,Karachi Kings,bat,Islamabad United,wickets,6,202,204,19.2,4,10.55,201,20,5,10.05,1,1,3,1,0,5,0,3,0,3,1,4,Lahore Qalandars
1354943,2023,04/03/2023,League,"Gaddafi Stadium, Lahore",Lahore Qalandars, Multan Sultans,Lahore Qalandars,bat,Lahore Qalandars,runs,21,181,159,20,7,7.95,180,20,9,9,1,2,0,3,2,3,2,2,2,0,1,4,Lahore Qalandars
1354944,2023,05/03/2023,League,Rawalpindi Cricket Stadium,Quetta Gladiators, Islamabad United,Islamabad United,field,Islamabad United,wickets,2,180,179,20,6,8.95,183,19.3,8,9.38,2,2,0,3,0,4,2,2,3,1,0,3,Lahore Qalandars
1354945,2023,06/03/2023,League,Rawalpindi Cricket Stadium,Karachi Kings, Quetta Gladiators,Quetta Gladiators,field,Quetta Gladiators,wickets,4,165,164,20,6,8.2,168,19.5,6,8.47,0,3,0,2,1,5,2,2,0,2,1,4,Lahore Qalandars
1354946,2023,07/03/2023,League,Rawalpindi Cricket Stadium,Peshawar Zalmi, Lahore Qalandars,Peshawar Zalmi,bat,Peshawar Zalmi,runs,35,208,172,19.4,10,8.75,207,19.3,10,10.62,2,2,2,0,2,3,1,2,2,2,1,3,Lahore Qalandars
1354947,2023,07/03/2023,League,Rawalpindi Cricket Stadium,Multan Sultans, Islamabad United,Islamabad United,field,Islamabad United,wickets,2,206,205,20,5,10.25,209,19.5,8,10.54,1,1,1,2,2,4,2,3,2,1,0,3,Lahore Qalandars
1354948,2023,08/03/2023,League,Rawalpindi Cricket Stadium,Peshawar Zalmi, Quetta Gladiators,Peshawar Zalmi,bat,Quetta Gladiators,wickets,8,241,243,18.2,2,13.25,240,20,2,12,2,0,2,0,1,4,1,2,1,2,0,3,Lahore Qalandars
1354949,2023,09/03/2023,League,Rawalpindi Cricket Stadium,Lahore Qalandars, Islamabad United,Lahore Qalandars,bat,Lahore Qalandars,runs,119,227,107,15.1,9,7.05,226,20,5,11.3,2,3,2,0,0,3,2,1,2,1,1,3,Lahore Qalandars
1354950,2023,10/03/2023,League,Rawalpindi Cricket Stadium,Peshawar Zalmi, Multan Sultans,Peshawar Zalmi,bat,Multan Sultans,wickets,4,243,244,19.1,6,12.73,242,20,6,12.1,1,2,0,2,2,4,1,2,2,2,1,3,Lahore Qalandars
1354951,2023,11/03/2023,League,Rawalpindi Cricket Stadium,Multan Sultans, Quetta Gladiators,Quetta Gladiators,field,Multan Sultans,runs,9,263,262,20,3,13.1,253,20,8,12.65,2,1,0,3,2,3,2,1,1,3,1,3,Lahore Qalandars
1354952,2023,12/03/2023,League,Rawalpindi Cricket Stadium,Peshawar Zalmi, Islamabad United,Islamabad United,field,Peshawar Zalmi,runs,13,180,179,20,8,8.95,166,19.4,10,8.44,0,1,1,3,2,4,2,3,2,1,1,2,Lahore Qalandars
1354953,2023,12/03/2023,League,"Gaddafi Stadium, Lahore",Karachi Kings, Lahore Qalandars,Karachi Kings,bat,Karachi Kings,runs,86,197,110,18.5,10,5.84,196,20,7,9.8,2,2,1,2,1,3,2,1,0,3,2,3,Lahore Qalandars
1354954,2023,15/03/2023,Qualifier,"Gaddafi Stadium, Lahore",Multan Sultans, Lahore Qalandars,Multan Sultans,bat,Multan Sultans,runs,84,161,76,14.3,10,5.24,160,20,5,8,2,2,2,0,1,4,1,1,0,3,2,4,Lahore Qalandars
1354955,2023,16/03/2023,Eliminator,"Gaddafi Stadium, Lahore",Peshawar Zalmi, Islamabad United,Islamabad United,field,Peshawar Zalmi,runs,12,184,183,20,8,9.15,171,20,6,8.55,1,2,1,3,1,3,2,2,3,1,0,3,Lahore Qalandars
1354956,2023,17/03/2023,Eliminator,"Gaddafi Stadium, Lahore",Peshawar Zalmi, Lahore Qalandars,Peshawar Zalmi,bat,Lahore Qalandars,wickets,4,172,176,18.5,6,9.35,171,20,5,8.55,2,1,2,0,1,5,1,2,1,3,1,3,Lahore Qalandars
1354957,2023,18/03/2023,Final,"Gaddafi Stadium, Lahore",Lahore Qalandars, Multan Sultans,Lahore Qalandars,bat,Lahore Qalandars,runs,1,201,199,20,8,9.95,200,20,6,10,1,1,0,3,2,4,2,1,2,0,1,5,Lahore Qalandars
1416472,2024,17/02/2024,League,"Gaddafi Stadium, Lahore",Lahore Qalandars, Islamabad United,Islamabad United,field,Islamabad United,wickets,8,196,195,20,5,9.75,200,18.2,2,10.91,1,1,0,0,1,7,0,0,0,0,1,8,Islamabad United
1416473,2024,18/02/2024,League,"Gaddafi Stadium, Lahore",Quetta Gladiators, Peshawar Zalmi,Peshawar Zalmi,field,Quetta Gladiators,runs,16,207,206,20,5,10.3,190,20,6,9.5,1,0,0,1,1,8,0,1,0,1,1,8,Islamabad United
1416474,2024,18/02/2024,League,Multan Cricket Stadium,Multan Sultans, Karachi Kings,Karachi Kings,field,Multan Sultans,runs,55,186,185,20,2,9.25,130,20,8,6.5,0,0,0,1,0,9,1,0,0,1,0,9,Islamabad United
1416475,2024,19/02/2024,League,"Gaddafi Stadium, Lahore",Lahore Qalandars, Quetta Gladiators,Lahore Qalandars,bat,Quetta Gladiators,wickets,5,188,188,19.1,5,9.81,187,20,7,9.35,1,0,0,1,1,8,1,1,0,0,1,8,Islamabad United
1416476,2024,20/02/2024,League,Multan Cricket Stadium,Islamabad United, Multan Sultans,Multan Sultans,field,Multan Sultans,wickets,5,145,144,20,10,7.2,145,19.5,5,7.31,0,0,0,0,1,10,0,0,0,1,1,9,Islamabad United
1416477,2024,21/02/2024,League,"Gaddafi Stadium, Lahore",Peshawar Zalmi, Karachi Kings,Karachi Kings,field,Karachi Kings,wickets,7,155,154,19.5,10,7.76,157,16.5,3,9.33,0,1,0,1,1,8,1,0,0,0,0,9,Islamabad United
1416478,2024,21/02/2024,League,Multan Cricket Stadium,Lahore Qalandars, Multan Sultans,Lahore Qalandars,bat,Multan Sultans,wickets,5,167,170,19,5,8.95,166,20,5,8.3,0,0,0,1,1,9,1,1,0,0,1,8,Islamabad United
1416479,2024,22/02/2024,League,"Gaddafi Stadium, Lahore",Islamabad United, Quetta Gladiators,Quetta Gladiators,field,Quetta Gladiators,wickets,3,139,138,20,9,6.9,139,18.2,7,7.58,0,0,0,0,1,10,1,0,0,1,1,8,Islamabad United
1416480,2024,23/02/2024,League,Multan Cricket Stadium,Peshawar Zalmi, Multan Sultans,Peshawar Zalmi,bat,Peshawar Zalmi,runs,5,180,174,20,10,8.7,179,20,8,8.95,0,0,0,1,1,9,0,1,1,2,0,7,Islamabad United
1416481,2024,24/02/2024,League,"Gaddafi Stadium, Lahore",Lahore Qalandars, Karachi Kings,Karachi Kings,field,Karachi Kings,wickets,2,176,175,20,6,8.75,176,20,8,8.8,1,1,0,1,1,7,1,0,0,0,0,10,Islamabad United
1416482,2024,25/02/2024,League,Multan Cricket Stadium,Multan Sultans, Quetta Gladiators,Quetta Gladiators,field,Multan Sultans,runs,13,181,180,20,4,9,167,20,9,8.35,0,0,0,3,0,8,1,0,0,2,1,7,Islamabad United
1416483,2024,25/02/2024,League,"Gaddafi Stadium, Lahore",Peshawar Zalmi, Lahore Qalandars,Lahore Qalandars,field,Peshawar Zalmi,runs,8,212,211,20,4,10.55,203,20,6,10.15,0,1,1,2,0,6,1,1,0,2,1,6,Islamabad United
1416484,2024,26/02/2024,League,"Gaddafi Stadium, Lahore",Peshawar Zalmi, Islamabad United,Islamabad United,field,Peshawar Zalmi,runs,8,202,201,20,5,10.05,193,20,9,9.65,0,1,1,2,0,7,0,0,0,0,1,10,Islamabad United
1416485,2024,27/02/2024,League,"Gaddafi Stadium, Lahore",Multan Sultans, Lahore Qalandars,Multan Sultans,bat,Multan Sultans,runs,60,215,154,17,10,9.06,214,20,4,10.7,1,1,0,0,1,8,0,0,0,3,0,8,Islamabad United
1416486,2024,28/02/2024,League,"National Stadium, Karachi",Karachi Kings, Islamabad United,Islamabad United,field,Islamabad United,wickets,7,166,165,20,5,8.25,169,18.3,3,9.14,1,0,0,1,0,9,0,0,0,0,1,7,Islamabad United
1416487,2024,29/02/2024,League,"National Stadium, Karachi",Karachi Kings, Quetta Gladiators,Quetta Gladiators,field,Quetta Gladiators,wickets,5,166,165,20,8,8.25,169,20,5,8.45,2,0,0,1,0,8,0,0,0,1,1,9,Islamabad United
1416490,2024,03/03/2024,League,"National Stadium, Karachi",Multan Sultans, Karachi Kings,Multan Sultans,bat,Multan Sultans,runs,20,190,169,20,7,8.45,189,20,3,9.45,2,0,0,0,0,9,0,0,0,2,0,8,Islamabad United
1416491,2024,04/03/2024,League,Rawalpindi Cricket Stadium,Islamabad United, Peshawar Zalmi,Peshawar Zalmi,field,Islamabad United,runs,29,197,196,20,4,9.8,167,20,9,8.35,0,0,0,0,1,10,0,0,0,2,1,8,Islamabad United
1416492,2024,05/03/2024,League,Rawalpindi Cricket Stadium,Peshawar Zalmi, Multan Sultans,Peshawar Zalmi,bat,Peshawar Zalmi,runs,4,205,200,20,5,10,204,20,5,10.2,0,0,0,2,0,9,0,1,1,1,0,8,Islamabad United
1416493,2024,06/03/2024,League,Rawalpindi Cricket Stadium,Quetta Gladiators, Karachi Kings,Karachi Kings,field,Karachi Kings,wickets,7,119,118,19.1,10,6.16,121,15.3,3,7.81,1,0,0,1,1,8,1,0,0,0,0,8,Islamabad United
1416494,2024,06/03/2024,League,Rawalpindi Cricket Stadium,Lahore Qalandars, Islamabad United,Islamabad United,field,Lahore Qalandars,runs,17,163,162,20,7,8.1,145,18.5,10,7.7,1,1,0,1,1,7,0,0,0,0,1,10,Islamabad United
1416495,2024,07/03/2024,League,Rawalpindi Cricket Stadium,Karachi Kings, Islamabad United,Islamabad United,field,Islamabad United,wickets,5,151,150,20,7,7.5,151,18.4,5,8.09,2,0,0,0,0,9,0,0,0,0,1,10,Islamabad United
1416496,2024,08/03/2024,League,Rawalpindi Cricket Stadium,Peshawar Zalmi, Quetta Gladiators,Quetta Gladiators,field,Peshawar Zalmi,runs,76,197,196,20,8,9.8,120,17.5,10,6.73,0,0,1,0,0,10,1,0,0,2,1,7,Islamabad United
1416497,2024,09/03/2024,League,"National Stadium, Karachi",Lahore Qalandars, Karachi Kings,Karachi Kings,field,Karachi Kings,wickets,3,178,177,20,5,8.85,179,20,7,8.95,1,0,0,1,1,8,1,0,0,2,0,8,Islamabad United
1416498,2024,10/03/2024,League,Rawalpindi Cricket Stadium,Multan Sultans, Islamabad United,Islamabad United,field,Islamabad United,wickets,3,229,228,20,4,11.4,232,20,7,11.6,0,0,0,2,1,7,0,0,0,0,1,10,Islamabad United
1416499,2024,10/03/2024,League,"National Stadium, Karachi",Lahore Qalandars, Quetta Gladiators,Lahore Qalandars,bat,Quetta Gladiators,wickets,6,167,169,20,4,8.45,166,20,4,8.3,1,0,0,1,1,7,0,1,0,0,1,9,Islamabad United
1416500,2024,11/03/2024,League,"National Stadium, Karachi",Peshawar Zalmi, Karachi Kings,Peshawar Zalmi,bat,Peshawar Zalmi,runs,2,148,145,20,5,7.25,147,20,6,7.35,1,0,0,2,0,8,0,0,2,0,0,9,Islamabad United
1416501,2024,12/03/2024,League,"National Stadium, Karachi",Multan Sultans, Quetta Gladiators,Quetta Gladiators,field,Multan Sultans,runs,79,186,185,20,4,9.25,106,15.5,10,6.69,0,0,0,3,1,7,1,0,0,2,1,7,Islamabad United
1416502,2024,14/03/2024,Qualifier,"National Stadium, Karachi",Peshawar Zalmi, Multan Sultans,Peshawar Zalmi,bat,Multan Sultans,wickets,7,147,147,18.3,3,7.95,146,20.1,7,7.24,0,0,0,2,1,8,0,0,0,1,0,10,Islamabad United
1416503,2024,15/03/2024,Eliminator,"National Stadium, Karachi",Islamabad United, Quetta Gladiators,Islamabad United,bat,Islamabad United,runs,39,175,135,18.4,10,7.23,174,20,9,8.7,1,0,0,2,1,7,0,0,0,0,1,10,Islamabad United
1416504,2024,16/03/2024,Eliminator,"National Stadium, Karachi",Peshawar Zalmi, Islamabad United,Islamabad United,field,Islamabad United,wickets,5,186,185,20,5,9.25,189,19,5,9.95,0,0,0,1,0,10,0,0,0,0,0,10,Islamabad United
1416505,2024,18/03/2024,Final,"National Stadium, Karachi",Multan Sultans, Islamabad United,Multan Sultans,bat,Islamabad United,wickets,2,160,163,20,8,8.15,159,20,9,7.95,0,0,0,0,1,10,0,0,0,2,1,8,Islamabad United
1475238,2025,11/04/2025,League,Rawalpindi Cricket Stadium,Lahore Qalandars, Islamabad United,Islamabad United,field,Islamabad United,wickets,8,140,139,19.2,10,7.19,143,17.4,2,8.09,2,2,2,1,0,4,2,1,0,0,0,6,Lahore Qalandars
1475239,2025,12/04/2025,League,Rawalpindi Cricket Stadium,Quetta Gladiators, Peshawar Zalmi,Peshawar Zalmi,field,Quetta Gladiators,runs,80,217,216,20,3,10.8,136,15.1,10,8.97,1,2,1,1,1,5,2,2,1,0,1,5,Lahore Qalandars
1475240,2025,12/04/2025,League,"National Stadium, Karachi",Multan Sultans, Karachi Kings,Karachi Kings,field,Karachi Kings,wickets,4,235,234,20,3,11.7,236,19.2,6,12.21,2,1,1,1,1,4,1,2,1,1,1,5,Lahore Qalandars
1475241,2025,13/04/2025,League,Rawalpindi Cricket Stadium,Lahore Qalandars, Quetta Gladiators,Quetta Gladiators,field,Lahore Qalandars,runs,79,220,219,20,6,10.95,140,16.2,10,8.57,2,2,2,2,0,3,1,2,1,1,1,5,Lahore Qalandars
1475242,2025,14/04/2025,League,Rawalpindi Cricket Stadium,Islamabad United, Peshawar Zalmi,Islamabad United,bat,Islamabad United,runs,102,244,141,18.2,10,7.69,243,20,5,12.15,2,2,1,0,1,5,2,2,0,0,1,6,Lahore Qalandars
1475243,2025,15/04/2025,League,"National Stadium, Karachi",Lahore Qalandars, Karachi Kings,Lahore Qalandars,bat,Lahore Qalandars,runs,65,202,136,19.1,10,7.1,201,20,6,10.05,1,2,1,1,1,5,2,2,2,2,0,3,Lahore Qalandars
1475244,2025,16/04/2025,League,Rawalpindi Cricket Stadium,Islamabad United, Multan Sultans,Multan Sultans,field,Islamabad United,runs,47,203,202,20,6,10.1,155,18.4,10,8.3,2,2,1,0,0,6,2,2,2,0,1,4,Lahore Qalandars
1475245,2025,18/04/2025,League,"National Stadium, Karachi",Karachi Kings, Quetta Gladiators,Karachi Kings,bat,Karachi Kings,runs,56,176,119,20,9,5.95,175,20,7,8.75,1,2,1,0,1,6,1,2,0,1,0,7,Lahore Qalandars
1475246,2025,19/04/2025,League,Rawalpindi Cricket Stadium,Peshawar Zalmi, Multan Sultans,Peshawar Zalmi,bat,Peshawar Zalmi,runs,120,228,107,15.5,10,6.76,227,20,7,11.35,2,2,1,1,1,4,2,1,2,1,1,4,Lahore Qalandars
1475247,2025,20/04/2025,League,"National Stadium, Karachi",Karachi Kings, Islamabad United,Islamabad United,field,Islamabad United,wickets,6,129,128,20,7,6.4,129,17.1,4,7.51,1,2,0,1,0,7,2,2,0,1,0,5,Lahore Qalandars
1475248,2025,21/04/2025,League,"National Stadium, Karachi",Peshawar Zalmi, Karachi Kings,Karachi Kings,field,Karachi Kings,wickets,2,148,147,20,8,7.35,148,19.3,8,7.59,2,1,2,1,1,4,1,2,0,1,0,7,Lahore Qalandars
1475249,2025,22/04/2025,League,Multan Cricket Stadium,Multan Sultans, Lahore Qalandars,Multan Sultans,bat,Multan Sultans,runs,33,229,195,20,9,9.75,228,20,5,11.4,2,2,2,2,0,3,2,2,1,0,1,5,Lahore Qalandars
1475250,2025,23/04/2025,League,Multan Cricket Stadium,Multan Sultans, Islamabad United,Multan Sultans,bat,Islamabad United,wickets,7,169,171,17.1,3,9.96,168,20,5,8.4,1,1,0,2,1,5,2,2,1,0,1,4,Lahore Qalandars
1475251,2025,24/04/2025,League,"Gaddafi Stadium, Lahore",Lahore Qalandars, Peshawar Zalmi,Peshawar Zalmi,field,Peshawar Zalmi,wickets,7,130,129,19.2,10,6.67,133,16.4,3,7.98,2,2,1,3,1,2,2,1,1,1,1,4,Lahore Qalandars
1475252,2025,25/04/2025,League,"Gaddafi Stadium, Lahore",Quetta Gladiators, Karachi Kings,Karachi Kings,field,Quetta Gladiators,runs,5,143,142,19.3,10,7.28,137,20,8,6.85,1,2,1,0,1,6,1,2,1,1,1,5,Lahore Qalandars
1475253,2025,26/04/2025,League,"Gaddafi Stadium, Lahore",Multan Sultans, Lahore Qalandars,Lahore Qalandars,field,Lahore Qalandars,wickets,5,186,185,20,3,9.25,186,19,5,9.79,1,1,2,1,1,4,2,2,1,2,0,4,Lahore Qalandars
1475254,2025,27/04/2025,League,"Gaddafi Stadium, Lahore",Quetta Gladiators, Peshawar Zalmi,Peshawar Zalmi,field,Quetta Gladiators,runs,64,179,178,20,7,8.9,114,15.2,10,7.43,1,2,1,0,1,6,2,1,2,0,1,5,Lahore Qalandars
1475255,2025,29/04/2025,League,"Gaddafi Stadium, Lahore",Multan Sultans, Quetta Gladiators,Quetta Gladiators,field,Quetta Gladiators,wickets,10,90,89,17,10,5.24,90,6.5,0,13.17,2,2,2,0,1,4,1,2,1,0,0,3,Lahore Qalandars
1475256,2025,30/04/2025,League,"Gaddafi Stadium, Lahore",Lahore Qalandars, Islamabad United,Islamabad United,field,Lahore Qalandars,runs,88,210,209,20,6,10.45,121,16.5,10,7.19,2,2,1,2,0,4,2,2,1,0,1,5,Lahore Qalandars
1475257,2025,01/05/2025,League,"Gaddafi Stadium, Lahore",Karachi Kings, Multan Sultans,Karachi Kings,bat,Karachi Kings,runs,87,205,117,16.1,10,7.24,204,20,4,10.2,2,2,1,0,1,5,1,1,0,1,1,7,Lahore Qalandars
1475258,2025,01/05/2025,League,"Gaddafi Stadium, Lahore",Lahore Qalandars, Quetta Gladiators,Quetta Gladiators,field,No Result,N/A,0,0,111,11.3,3,9.65,0,0,0,0,1,0,1,0,0,2,1,1,1,0,1,2,Lahore Qalandars
1475259,2025,02/05/2025,League,"Gaddafi Stadium, Lahore",Islamabad United, Peshawar Zalmi,Islamabad United,bat,Peshawar Zalmi,wickets,6,144,147,16.4,4,8.82,143,20,9,7.15,2,2,1,0,1,5,2,2,0,0,1,6,Lahore Qalandars
1475260,2025,03/05/2025,League,"Gaddafi Stadium, Lahore",Islamabad United, Quetta Gladiators,Quetta Gladiators,field,Quetta Gladiators,wickets,2,158,157,20,9,7.85,159,19.5,8,8.02,1,0,1,2,0,7,1,1,1,1,1,6,Lahore Qalandars
1475261,2025,04/05/2025,League,"Gaddafi Stadium, Lahore",Lahore Qalandars, Karachi Kings,Karachi Kings,field,Karachi Kings,wickets,4,168,160,15,8,10.67,168,14.3,6,11.59,2,2,1,3,0,3,1,2,0,1,0,7,Lahore Qalandars
1475262,2025,05/05/2025,League,Multan Cricket Stadium,Multan Sultans, Peshawar Zalmi,Multan Sultans,bat,Peshawar Zalmi,wickets,7,109,110,13,3,8.46,108,19.1,10,5.63,2,1,0,0,2,5,1,0,1,2,2,5,Lahore Qalandars
1475263,2025,07/05/2025,League,Rawalpindi Cricket Stadium,Quetta Gladiators, Islamabad United,Islamabad United,field,Quetta Gladiators,runs,109,264,263,20,3,13.15,154,19.3,10,7.9,1,2,1,0,1,5,1,2,1,1,0,6,Lahore Qalandars
1475264,2025,17/05/2025,League,Rawalpindi Cricket Stadium,Karachi Kings, Peshawar Zalmi,Peshawar Zalmi,field,Karachi Kings,runs,23,238,237,20,4,11.85,214,20,5,10.7,1,2,0,1,0,6,2,1,1,1,2,4,Lahore Qalandars
1475265,2025,18/05/2025,League,Rawalpindi Cricket Stadium,Multan Sultans, Quetta Gladiators,Multan Sultans,bat,Quetta Gladiators,wickets,2,186,190,20,8,9.5,185,20,7,9.25,1,1,1,1,1,6,1,0,1,1,2,6,Lahore Qalandars
1475266,2025,18/05/2025,League,Rawalpindi Cricket Stadium,Lahore Qalandars, Peshawar Zalmi,Peshawar Zalmi,field,Lahore Qalandars,runs,26,150,149,13,8,11.46,123,13,8,9.46,2,2,2,1,0,4,2,2,1,0,2,4,Lahore Qalandars
1475267,2025,19/05/2025,League,Rawalpindi Cricket Stadium,Islamabad United, Karachi Kings,Karachi Kings,field,Islamabad United,runs,79,252,251,20,5,12.55,172,18.2,10,9.38,1,1,1,1,0,6,1,2,0,1,0,7,Lahore Qalandars
1475268,2025,21/05/2025,Qualifier 1,"Gaddafi Stadium, Lahore",Quetta Gladiators, Islamabad United,Quetta Gladiators,bat,Quetta Gladiators,runs,30,210,179,19.4,10,9.1,209,20,6,10.45,2,1,0,1,0,7,1,2,1,1,1,5,Lahore Qalandars
1475269,2025,22/05/2025,Eliminator,"Gaddafi Stadium, Lahore",Karachi Kings, Lahore Qalandars,Karachi Kings,bat,Lahore Qalandars,wickets,6,191,191,18.4,4,10.23,190,20,8,9.5,2,1,2,1,0,5,1,2,0,1,1,6,Lahore Qalandars
1475270,2025,23/05/2025,Qualifier 2,"Gaddafi Stadium, Lahore",Lahore Qalandars, Islamabad United,Lahore Qalandars,bat,Lahore Qalandars,runs,95,203,107,15.1,10,7.05,202,20,8,10.1,2,1,1,1,0,6,2,1,1,2,0,5,Lahore Qalandars
1475271,2025,25/05/2025,Final,"Gaddafi Stadium, Lahore",Quetta Gladiators, Lahore Qalandars,Quetta Gladiators,bat,Lahore Qalandars,wickets,6,202,204,19.5,4,10.29,201,20,9,10.05,2,2,1,1,0,4,1,2,1,1,1,5,Lahore Qalandars
1527552,2026,26/03/2026,League,"Gaddafi Stadium, Lahore",Lahore Qalandars, Hyderabad Kingsmen,Lahore Qalandars,bat,Lahore Qalandars,runs,69,200,130,20,10,6.5,199,20,6,9.95,1,1,3,2,0,4,4,1,2,2,0,2,Islamabad United
1527553,2026,27/03/2026,League,"Gaddafi Stadium, Lahore",Karachi Kings, Quetta Gladiators,Quetta Gladiators,field,Karachi Kings,runs,14,182,181,20,7,9.05,167,20,7,8.35,0,0,3,1,1,6,1,1,3,1,1,4,Islamabad United
1527554,2026,28/03/2026,League,"Gaddafi Stadium, Lahore",Rawalpindiz, Peshawar Zalmi,Rawalpindiz,bat,Peshawar Zalmi,wickets,5,215,218,19.1,5,11.37,214,20,4,10.7,1,1,2,0,1,5,3,0,1,4,1,2,Islamabad United
1527555,2026,28/03/2026,League,"Gaddafi Stadium, Lahore",Islamabad United, Multan Sultans,Multan Sultans,field,Multan Sultans,wickets,5,172,171,20,8,8.55,175,18.4,5,9.38,2,1,1,2,0,5,2,0,1,2,0,6,Islamabad United
1527557,2026,29/03/2026,League,"Gaddafi Stadium, Lahore",Lahore Qalandars, Karachi Kings,Lahore Qalandars,bat,Karachi Kings,wickets,4,129,131,19.3,6,6.72,128,20,9,6.4,0,1,3,0,1,6,4,2,2,1,0,2,Islamabad United
1527559,2026,01/04/2026,League,"Gaddafi Stadium, Lahore",Hyderabad Kingsmen, Multan Sultans,Hyderabad Kingsmen,bat,Multan Sultans,wickets,6,226,227,18.4,4,12.16,225,20,5,11.25,2,0,1,2,0,6,1,1,2,2,0,5,Islamabad United
1527560,2026,02/04/2026,League,"Gaddafi Stadium, Lahore",Quetta Gladiators, Islamabad United,Quetta Gladiators,bat,Islamabad United,wickets,8,184,189,18.2,2,10.31,183,20,5,9.15,2,1,1,1,0,4,1,1,3,1,1,4,Islamabad United
1527561,2026,02/04/2026,League,"Gaddafi Stadium, Lahore",Rawalpindiz, Karachi Kings,Karachi Kings,field,Karachi Kings,wickets,5,198,197,20,6,9.85,199,19.2,5,10.29,3,0,1,3,1,3,0,1,3,0,0,6,Islamabad United
