Season,Player_Name,Category,Weight
2016,Shane Watson,Platinum,5
2016,Shoaib Malik,Platinum,5
2016,Chris Gayle,Platinum,5
2016,Shahid Afridi,Platinum,5
2016,Kevin Pietersen,Platinum,5
2016,Misbah Ul Haq,Platinum,5
2016,Andre Russell,Platinum,5
2016,Sohail Tanvir,Platinum,5
2016,Shakib Al Hasan,Platinum,5
2016,Umar Akmal,Platinum,5
2016,Dwayne Bravo,Platinum,5
2016,Wahab Riaz,Platinum,5
2016,Darren Sammy,Platinum,5
2016,Sarfaraz Ahmed,Platinum,5
2016,Ahmed Shehzad,Platinum,5
2016,Dwayne Smith,Platinum,5
2016,Nathan McCullum,Platinum,5
2016,Mohammad Irfan,Diamond,4
2016,Samuel Badree,Diamond,4
2016,Brad Haddin,Diamond,4
2016,Imad Wasim,Diamond,4
2016,Lendl Simmons,Diamond,4
2016,Ravi Bopara,Diamond,4
2016,Sohaib Maqsood,Diamond,4
2016,Muhammad Rizwan,Diamond,4
2016,Yasir Shah,Diamond,4
2016,Mohammad Hafeez,Diamond,4
2016,Kamran Akmal,Diamond,4
2016,Chris Jordan,Diamond,4
2016,Anwar Ali,Diamond,4
2016,Luke Wright,Diamond,4
2016,Jason Holder,Diamond,4
2016,Ryan ten Doeschate,Diamond,4
2016,Ajantha Mendis,Diamond,4
2016,Shaun Tait,Diamond,4
2016,Grant Elliott,Diamond,4
2016,Azhar Mahmood,Diamond,4
2016,Khalid Latif,Gold,3
2016,Mohammad Sami,Gold,3
2016,Sharjeel Khan,Gold,3
2016,Bilawal Bhatti,Gold,3
2016,Mohammad Amir,Gold,3
2016,James Vince,Gold,3
2016,Cameron Delport,Gold,3
2016,Kevon Cooper,Gold,3
2016,Mustafizur Rahman,Gold,3
2016,Junaid Khan,Gold,3
2016,Jim Allenby,Gold,3
2016,Tamim Iqbal,Gold,3
2016,Umar Gul,Gold,3
2016,Zulfiqar Babar,Gold,3
2016,Elton Chigumbura,Gold,3
2016,Owais Shah,Gold,3
2016,Umar Amin,Silver,2
2016,Kamran Ghulam,Silver,2
2016,Imran Khalid,Silver,2
2016,Babar Azam,Silver,2
2016,Sam Billings,Silver,2
2016,Sohail Khan,Silver,2
2016,Usama Mir,Silver,2
2016,Nauman Anwar,Silver,2
2016,Iftikhar Ahmed,Silver,2
2016,Mushfiqur Rahim,Silver,2
2016,Azhar Ali,Silver,2
2016,Zohaib Khan,Silver,2
2016,Zia Ul Haq,Silver,2
2016,Hammad Azam,Silver,2
2016,Zafar Gohar,Silver,2
2016,Abdur Rehman,Silver,2
2016,Shahid Yousaf,Silver,2
2016,Imran Khan Jr,Silver,2
2016,Aamer Yamin,Silver,2
2016,Dawid Malan,Silver,2
2016,Asad Shafiq,Silver,2
2016,Saad Nasim,Silver,2
2016,Mohammad Nawaz,Silver,2
2016,Bilal Asif,Silver,2
2016,Mohammad Nabi,Silver,2
2016,Riki Wessels,Silver,2
2016,Jonny Bairstow,Silver,2
2016,Rumman Raees,Emerging,1
2016,Amad Butt,Emerging,1
2016,Saifullah Bangash,Emerging,1
2016,Mir Hamza,Emerging,1
2016,Adnan Rasool,Emerging,1
2016,Naved Yasin,Emerging,1
2016,Hassan Ali,Emerging,1
2016,Musadiq Ahmed,Emerging,1
2016,Bismillah Khan,Emerging,1
2016,Akbar Ur Rehman,Emerging,1
2016,Ashar Zaidi,Supplementary,1
2016,Saeed Ajmal,Supplementary,1
2016,Hussain Talat,Supplementary,1
2016,Umar Siddiq,Supplementary,1
2016,Shahzaib Hasan,Supplementary,1
2016,Fawad Alam,Supplementary,1
2016,TM Dilshan,Supplementary,1
2016,Mukhtar Ahmed,Supplementary,1
2016,Abdul Razzaq,Supplementary,1
2016,Ehsan Adil,Supplementary,1
2016,Imran Butt,Supplementary,1
2016,Taj Wali,Supplementary,1
2016,Israrullah,Supplementary,1
2016,Brad Hodge,Supplementary,1
2016,Mohammad Asghar,Supplementary,1
2016,Rameez Raja Jr,Supplementary,1
2016,Aizaz Cheema,Supplementary,1
2016,Kumar Sangakkara,Supplementary,1
2017,Misbah-ul-Haq,Platinum,5
2017,Shane Watson,Platinum,5
2017,Andre Russell,Platinum,5
2017,Sarfraz Ahmed,Platinum,5
2017,Kevin Pietersen,Platinum,5
2017,Ahmed Shahzad,Platinum,5
2017,Shahid Afridi,Platinum,5
2017,Wahab Riaz,Platinum,5
2017,Shoaib Malik,Platinum,5
2017,Chris Gayle,Platinum,5
2017,Umar Akmal,Platinum,5
2017,Eoin Morgan,Platinum,5
2017,Kieron Pollard,Platinum,5
2017,Brendon McCullum,Platinum,5
2017,Sunil Narine,Platinum,5
2017,Steven Finn,Platinum,5
2017,Sharjeel Khan,Diamond,4
2017,Mohammad Irfan,Diamond,4
2017,Samuel Badree,Diamond,4
2017,Luke Wright,Diamond,4
2017,Anwar Ali,Diamond,4
2017,Darren Sammy,Diamond,4
2017,Mohammad Hafeez,Diamond,4
2017,Shakib Al Hasan,Diamond,4
2017,Mohammad Amir,Diamond,4
2017,Ravi Bopara,Diamond,4
2017,Dwayne Bravo,Diamond,4
2017,Sohail Tanvir,Diamond,4
2017,Carlos Brathwaite,Diamond,4
2017,Kumar Sangakkara,Diamond,4
2017,Yasir Shah,Diamond,4
2017,Thisara Perera,Diamond,4
2017,Jason Roy,Diamond,4
2017,Samit Patel,Diamond,4
2017,Khalid Latif,Gold,3
2017,Mohammad Sami,Gold,3
2017,Brad Haddin,Gold,3
2017,Umar Gul,Gold,3
2017,Zulfiqar Babar,Gold,3
2017,Tamim Iqbal,Gold,3
2017,Kamran Akmal,Gold,3
2017,Imad Wasim,Gold,3
2017,Babar Azam,Gold,3
2017,Mohammad Rizwan,Gold,3
2017,Cameron Delport,Gold,3
2017,Tymal Mills,Gold,3
2017,Chris Jordan,Gold,3
2017,Ryan McLaren,Gold,3
2017,Anton Devcich,Gold,3
2017,James Franklin,Gold,3
2017,Sam Billings,Silver,2
2017,Saeed Ajmal,Silver,2
2017,Asif Ali,Silver,2
2017,Rumman Raees,Silver,2
2017,Imran Khalid,Silver,2
2017,Mohammad Nawaz,Silver,2
2017,Asad Shafiq,Silver,2
2017,Saad Nasim,Silver,2
2017,Mohammad Nabi,Silver,2
2017,Junaid Khan,Silver,2
2017,Imran Khan,Silver,2
2017,Sohaib Maqsood,Silver,2
2017,Sohail Khan,Silver,2
2017,Shahzaib Hassan,Silver,2
2017,Saifullah Bangash,Silver,2
2017,Azhar Ali,Silver,2
2017,Zafar Gohar,Silver,2
2017,Aamer Yamin,Silver,2
2017,Umar Amin,Silver,2
2017,Ifthikhar Ahmed,Silver,2
2017,Haris Sohail,Silver,2
2017,Khurram Manzoor,Silver,2
2017,Kashif Bhatti,Silver,2
2017,Fakhar Zaman,Silver,2
2017,Bilawal Bhatti,Silver,2
2017,Mahmudullah,Silver,2
2017,Amad Butt,Emerging,1
2017,Hussain Talat,Emerging,1
2017,Hassan Ali,Emerging,1
2017,Mohammad Asghar,Emerging,1
2017,Hasan Khan,Emerging,1
2017,Noor Wali,Emerging,1
2017,Abdul Ameer,Emerging,1
2017,Abrar Ahmed,Emerging,1
2017,Ghulam Mudassar,Emerging,1
2017,Usman Qadir,Emerging,1
2017,Usman Khan,Emerging,1
2017,Dwayne Smith,Supplementary,1
2017,Bismillah Khan,Supplementary,1
2017,Usama Mir,Supplementary,1
2017,Ben Duckett,Supplementary,1
2017,Shadab Khan,Supplementary,1
2017,Zohaib Khan,Supplementary,1
2017,David Willey,Supplementary,1
2017,Rovman Powell,Supplementary,1
2017,Mir Hamza,Supplementary,1
2017,Alex Hales,Supplementary,1
2017,Mohammad Shahzad,Supplementary,1
2017,Irfan Khan,Supplementary,1
2017,Khushdil Shah,Supplementary,1
2017,Mahela Jayawardene,Supplementary,1
2017,Rahat Ali,Supplementary,1
2017,Ammad Alam,Supplementary,1
2017,Grant Elliott,Supplementary,1
2017,Shaun Tait,Supplementary,1
2017,Saif Badar,Supplementary,1
2017,Mohammad Irfan Jr,Supplementary,1
2017,Rilee Rossouw,Supplementary,1
2017,Nathan McCullum,Supplementary,1
2017,Chris Green,Supplementary,1
2017,Nicholas Pooran,Supplementary,1
2017,Marlon Samuels,Supplementary,1
2017,Jaahid Ali,Supplementary,1
2018,Andre Russell,Platinum,5
2018,Misbah-ul-Haq,Platinum,5
2018,Shahid Afridi,Platinum,5
2018,Mohammad Amir,Platinum,5
2018,Sunil Narine,Platinum,5
2018,Umar Akmal,Platinum,5
2018,Shoaib Malik,Platinum,5
2018,Kieron Pollard,Platinum,5
2018,Mohammad Hafeez,Platinum,5
2018,Wahab Riaz,Platinum,5
2018,Sarfraz Ahmed,Platinum,5
2018,Kevin Pietersen,Platinum,5
2018,JP Duminy,Platinum,5
2018,Colin Ingram,Platinum,5
2018,Chris Lynn,Platinum,5
2018,Imran Tahir,Platinum,5
2018,Dwayne Bravo,Platinum,5
2018,Shane Watson,Platinum,5
2018,Kyle Abbott,Platinum,5
2018,Samuel Badree,Diamond,4
2018,Mohammad Sami,Diamond,4
2018,Imad Wasim,Diamond,4
2018,Babar Azam,Diamond,4
2018,Brendon McCullum,Diamond,4
2018,Fakhar Zaman,Diamond,4
2018,Kumar Sangakkara,Diamond,4
2018,Sohail Tanvir,Diamond,4
2018,Shakib Al Hasan,Diamond,4
2018,Kamran Akmal,Diamond,4
2018,Rilee Rossouw,Diamond,4
2018,Mahmudullah,Diamond,4
2018,Luke Ronchi,Diamond,4
2018,Mitchell Johnson,Diamond,4
2018,Mustafizur Rahman,Diamond,4
2018,Darren Bravo,Diamond,4
2018,Tamim Iqbal,Diamond,4
2018,Carlos Brathwaite,Diamond,4
2018,Jofra Archer,Diamond,4
2018,John Hastings,Diamond,4
2018,Tymal Mills,Diamond,4
2018,Sabbir Rahman,Diamond,4
2018,Rumman Raees,Gold,3
2018,Shadab Khan,Gold,3
2018,Mohammad Rizwan,Gold,3
2018,Ravi Bopara,Gold,3
2018,Yasir Shah,Gold,3
2018,Sohail Khan,Gold,3
2018,Mohammad Irfan,Gold,3
2018,Junaid Khan,Gold,3
2018,Darren Sammy,Gold,3
2018,Hasan Ali,Gold,3
2018,Asad Shafiq,Gold,3
2018,Mohammad Nawaz,Gold,3
2018,Faheem Ashraf,Gold,3
2018,Luke Wright,Gold,3
2018,Bilal Asif,Gold,3
2018,Ahmed Shehzad,Gold,3
2018,Hammad Azam,Gold,3
2018,Rahat Ali,Gold,3
2018,Joe Denly,Gold,3
2018,Iftikhar Ahmed,Silver,2
2018,Amad Butt,Silver,2
2018,Asif Ali,Silver,2
2018,Usman Khan,Silver,2
2018,Usama Mir,Silver,2
2018,Khurram Manzoor,Silver,2
2018,Cameron Delport,Silver,2
2018,Aamer Yamin,Silver,2
2018,Bilawal Bhatti,Silver,2
2018,Kashif Bhatti,Silver,2
2018,Irfan Khan,Silver,2
2018,Sohaib Maqsood,Silver,2
2018,Haris Sohail,Silver,2
2018,Chris Jordan,Silver,2
2018,Mohammad Asghar,Silver,2
2018,Anwar Ali,Silver,2
2018,Mir Hamza,Silver,2
2018,Umar Amin,Silver,2
2018,Sam Billings,Silver,2
2018,Zafar Gohar,Silver,2
2018,David Wiese,Silver,2
2018,Tabish Khan,Silver,2
2018,Raza Hasan,Silver,2
2018,Sohail Akhtar,Silver,2
2018,Mohammad Abbas,Silver,2
2018,Nicholas Pooran,Silver,2
2018,Saad Nasim,Silver,2
2018,Taimur Sultan,Silver,2
2018,Rameez Raja,Silver,2
2018,Saad Ali,Silver,2
2018,Hussain Talat,Emerging,1
2018,Ghulam Mudassar,Emerging,1
2018,Sahibzada Farhan,Emerging,1
2018,Mohammad Irfan Jr,Emerging,1
2018,Hasan Mohsin,Emerging,1
2018,Shaheen Afridi,Emerging,1
2018,Abdullah Shafique,Emerging,1
2018,Saif Badar,Emerging,1
2018,Sameen Gul,Emerging,1
2018,Ibtisam Sheikh,Emerging,1
2018,Saud Shakeel,Emerging,1
2018,Hasan Khan,Emerging,1
2018,Alex Hales,Supplementary,1
2018,David Willey,Supplementary,1
2018,Mohammad Hasan,Supplementary,1
2018,Mohammad Hasnain,Supplementary,1
2018,Rohail Nazir,Supplementary,1
2018,Colin Munro,Supplementary,1
2018,Eoin Morgan,Supplementary,1
2018,Saifullah Bangash,Supplementary,1
2018,Mohammad Taha,Supplementary,1
2018,Mushtaq Ahmed Kalhoro,Supplementary,1
2018,Angelo Mathews,Supplementary,1
2018,Mitchell McClenaghan,Supplementary,1
2018,Gulraiz Sadaf,Supplementary,1
2018,Imran Khan,Supplementary,1
2018,Salman Irshad,Supplementary,1
2018,Hardus Viljoen,Supplementary,1
2018,Umar Gul,Supplementary,1
2018,Umar Siddiq,Supplementary,1
2018,Ross Whiteley,Supplementary,1
2018,Shan Masood,Supplementary,1
2018,Andre Fletcher,Supplementary,1
2018,Evin Lewis,Supplementary,1
2018,Khalid Usman,Supplementary,1
2018,Mohammad Arif,Supplementary,1
2018,Khushdil Shah,Supplementary,1
2018,Jason Roy,Supplementary,1
2018,Rashid Khan,Supplementary,1
2018,Azam Khan,Supplementary,1
2018,Faraz Ahmed,Supplementary,1
2018,Mohammad Junaid,Supplementary,1
2018,Lendl Simmons,Supplementary,1
2018,Anton Devcich,Supplementary,1
2019,Luke Ronchi,Platinum,5
2019,Shadab Khan,Platinum,5
2019,Faheem Ashraf,Platinum,5
2019,Colin Munro,Platinum,5
2019,Mohammad Amir,Platinum,5
2019,Babar Azam,Platinum,5
2019,Fakhar Zaman,Platinum,5
2019,Shoaib Malik,Platinum,5
2019,Wahab Riaz,Platinum,5
2019,Hasan Ali,Platinum,5
2019,Sarfraz Ahmed,Platinum,5
2019,Sunil Narine,Platinum,5
2019,AB de Villiers,Platinum,5
2019,Mohammad Hafeez,Platinum,5
2019,Steve Smith,Platinum,5
2019,Shahid Afridi,Platinum,5
2019,Kieron Pollard,Platinum,5
2019,Dwayne Bravo,Platinum,5
2019,Salman Butt,Platinum,5
2019,Andre Russell,Platinum,5
2019,Dwayne Smith,Platinum,5
2019,Hardus Viljoen,Platinum,5
2019,Chris Green,Platinum,5
2019,Asif Ali,Diamond,4
2019,Mohammad Sami,Diamond,4
2019,Colin Ingram,Diamond,4
2019,Imad Wasim,Diamond,4
2019,Usman Khan Shinwari,Diamond,4
2019,Yasir Shah,Diamond,4
2019,Junaid Khan,Diamond,4
2019,Mohammad Irfan,Diamond,4
2019,Darren Sammy,Diamond,4
2019,Kamran Akmal,Diamond,4
2019,Shane Watson,Diamond,4
2019,Sohail Tanvir,Diamond,4
2019,Mohammad Nawaz,Diamond,4
2019,Ian Bell,Diamond,4
2019,Carlos Brathwaite,Diamond,4
2019,Corey Anderson,Diamond,4
2019,Joe Denly,Diamond,4
2019,Misbah-ul-Haq,Diamond,4
2019,David Wiese,Diamond,4
2019,James Vince,Diamond,4
2019,Asela Gunaratne,Diamond,4
2019,Rumman Raees,Gold,3
2019,Mohammad Rizwan,Gold,3
2019,Ravi Bopara,Gold,3
2019,Anton Devcich,Gold,3
2019,Rahat Ali,Gold,3
2019,Shan Masood,Gold,3
2019,Liam Dawson,Gold,3
2019,Rilee Rossouw,Gold,3
2019,Umar Akmal,Gold,3
2019,Samit Patel,Gold,3
2019,Phil Salt,Gold,3
2019,Sikandar Raza,Gold,3
2019,Sandeep Lamichhane,Gold,3
2019,Qais Ahmad,Gold,3
2019,Nicholas Pooran,Gold,3
2019,Dawid Malan,Gold,3
2019,Umar Amin,Gold,3
2019,Fawad Ahmed,Gold,3
2019,Johnson Charles,Gold,3
2019,Lendl Simmons,Gold,3
2019,Hussain Talat,Silver,2
2019,Waqas Maqsood,Silver,2
2019,Sahibzada Farhan,Silver,2
2019,Zafar Gohar,Silver,2
2019,Shaheen Afridi,Silver,2
2019,Agha Salman,Silver,2
2019,Sohail Akhtar,Silver,2
2019,Hasan Khan,Silver,2
2019,Mohammad Abbas,Silver,2
2019,Mohammad Irfan (Silver),Silver,2
2019,Umar Siddiq,Silver,2
2019,Umaid Asif,Silver,2
2019,Khalid Usman,Silver,2
2019,Anwar Ali,Silver,2
2019,Saud Shakeel,Silver,2
2019,Cameron Delport,Silver,2
2019,Awais Zia,Silver,2
2019,Usama Mir,Silver,2
2019,Aaron Summers,Silver,2
2019,Sohail Khan,Silver,2
2019,Iftikhar Ahmed,Silver,2
2019,Haris Sohail,Silver,2
2019,Laurie Evans,Silver,2
2019,Nauman Ali,Silver,2
2019,Wayne Madsen,Silver,2
2019,Sohaib Maqsood,Silver,2
2019,Jamal Anwar,Silver,2
2019,Mohammad Asghar,Silver,2
2019,Danish Aziz,Silver,2
2019,Ahsan Ali,Silver,2
2019,Riki Wessels,Silver,2
2019,Mohammad Junaid,Emerging,1
2019,Sameen Gul,Emerging,1
2019,Muhammad Musa,Emerging,1
2019,Nasir Nawaz,Emerging,1
2019,Ali Imran,Emerging,1
2019,Abrar Ahmed,Emerging,1
2019,Mohammad Imran,Emerging,1
2019,Umair Masood,Emerging,1
2019,Mohammad Ilyas,Emerging,1
2019,Nabi Gul,Emerging,1
2019,Ghulam Mudassar,Emerging,1
2019,Naseem Shah,Emerging,1
2019,Mohammad Hasnain,Emerging,1
2019,Wayne Parnell,Supplementary,1
2019,Zahir Khan,Supplementary,1
2019,Amad Butt,Supplementary,1
2019,Rizwan Hussain,Supplementary,1
2019,Aamer Yamin,Supplementary,1
2019,Ben Dunk,Supplementary,1
2019,Liam Livingstone,Supplementary,1
2019,Jaahid Ali,Supplementary,1
2019,Brendan Taylor,Supplementary,1
2019,Gauhar Ali,Supplementary,1
2019,Aizaz Cheema,Supplementary,1
2019,Haris Rauf,Supplementary,1
2019,Daniel Christian,Supplementary,1
2019,Tom Moores,Supplementary,1
2019,Ali Shafiq,Supplementary,1
2019,Shakeel Ansar,Supplementary,1
2019,Waqar Salamkheil,Supplementary,1
2019,Chris Jordan,Supplementary,1
2019,Ibtisam Sheikh,Supplementary,1
2019,Samiullah Afridi,Supplementary,1
2019,Harry Gurney,Supplementary,1
2019,Ahmed Shehzad,Supplementary,1
2019,Azam Khan,Supplementary,1
2019,Jalat Khan,Supplementary,1
2019,Saad Ali,Supplementary,1
2019,Hammad Azam,Supplementary,1
2019,Mohammad Irfan (Expansion),Supplementary,1
2019,Umer Khan,Supplementary,1
2019,Andre Fletcher,Supplementary,1
2019,Imam-ul-Haq,Supplementary,1
2019,Tymal Mills,Supplementary,1
2020,Shadab Khan,Platinum,5
2020,Babar Azam,Platinum,5
2020,Mohammad Amir,Platinum,5
2020,Fakhar Zaman,Platinum,5
2020,Mohammed Hafeez,Platinum,5
2020,Mohammad Irfan,Platinum,5
2020,Wahab Riaz,Platinum,5
2020,Hasan Ali,Platinum,5
2020,Kieron Pollard,Platinum,5
2020,Sarfaraz Ahmed,Platinum,5
2020,Mohammad Nawaz,Platinum,5
2020,Dale Steyn,Platinum,5
2020,Colin Ingram,Platinum,5
2020,Alex Hales,Platinum,5
2020,Chris Lynn,Platinum,5
2020,Moeen Ali,Platinum,5
2020,Rilee Rossouw,Platinum,5
2020,Jason Roy,Platinum,5
2020,Faheem Ashraf,Diamond,4
2020,Asif Ali,Diamond,4
2020,Imad Wasim,Diamond,4
2020,Iftikhar Ahmed,Diamond,4
2020,David Wiese,Diamond,4
2020,Shaheen Afridi,Diamond,4
2020,Usman Shinwari,Diamond,4
2020,Shahid Afridi,Diamond,4
2020,Kamran Akmal,Diamond,4
2020,Shane Watson,Diamond,4
2020,Ahmed Shehzad,Diamond,4
2020,Colin Munro,Diamond,4
2020,Chris Jordan,Diamond,4
2020,Zeeshan Ashraf,Diamond,4
2020,Ravi Bopara,Diamond,4
2020,Tom Banton,Diamond,4
2020,Shoaib Malik,Diamond,4
2020,Ben Cutting,Diamond,4
2020,Carlos Brathwaite,Diamond,4
2020,Luke Ronchi,Gold,3
2020,Hussain Talat,Gold,3
2020,Aamer Yamin,Gold,3
2020,Sohail Akhtar,Gold,3
2020,Haris Rauf,Gold,3
2020,James Vince,Gold,3
2020,Junaid Khan,Gold,3
2020,Darren Sammy,Gold,3
2020,Imam-ul-Haq,Gold,3
2020,Umar Akmal,Gold,3
2020,Mohammad Hasnain,Gold,3
2020,Rumman Raees,Gold,3
2020,Sharjeel Khan,Gold,3
2020,Cameron Delport,Gold,3
2020,Samit Patel,Gold,3
2020,Sohail Tanvir,Gold,3
2020,Liam Dawson,Gold,3
2020,Fawad Ahmed,Gold,3
2020,Mitchell McClenaghan,Gold,3
2020,Dane Vilas,Gold,3
2020,Ammad Butt,Silver,2
2020,Rizwan Hussain,Silver,2
2020,Muhammad Musa,Silver,2
2020,Usama Mir,Silver,2
2020,Salman Butt,Silver,2
2020,Shan Masood,Silver,2
2020,Ali Shafiq,Silver,2
2020,Umar Amin,Silver,2
2020,Naseem Shah,Silver,2
2020,Ahsan Ali,Silver,2
2020,Phil Salt,Silver,2
2020,Zafar Gohar,Silver,2
2020,Mohammad Rizwan,Silver,2
2020,Umaid Asif,Silver,2
2020,Dan Lawrence,Silver,2
2020,Ali Khan,Silver,2
2020,Sekkuge Prasanna,Silver,2
2020,Ben Dunk,Silver,2
2020,Raja Farzan,Silver,2
2020,Jahid Ali,Silver,2
2020,Khushdil Shah,Silver,2
2020,Usman Qadir,Silver,2
2020,Fabian Allen,Silver,2
2020,Mohammad Mohsin,Silver,2
2020,Rahat Ali,Silver,2
2020,Dwaine Pretorius,Silver,2
2020,Adil Amin,Silver,2
2020,Sohail Khan,Silver,2
2020,Tymal Mills,Silver,2
2020,Abdul Nasir,Silver,2
2020,Dawid Malan,Silver,2
2020,Lewis Gregory,Silver,2
2020,Chadwick Walton,Silver,2
2020,Wayne Madsen,Silver,2
2020,Zahid Mahmood,Silver,2
2020,Umer Khan,Emerging,1
2020,Mohammad Ilyas,Emerging,1
2020,Akif Javed,Emerging,1
2020,Ahmed Safi Abdullah,Emerging,1
2020,Arshad Iqbal,Emerging,1
2020,Muhammad Faizan,Emerging,1
2020,Maaz Khan,Emerging,1
2020,Rohail Nazir,Emerging,1
2020,Mohammad Amir Khan,Emerging,1
2020,Aamir Ali,Emerging,1
2020,Aarish Khan,Emerging,1
2020,Azam Khan,Emerging,1
2020,Saif Badar,Supplementary,1
2020,Rassie van der Dussen,Supplementary,1
2020,Liam Plunkett,Supplementary,1
2020,Awais Zia,Supplementary,1
2020,Lendl Simmons,Supplementary,1
2020,Dilbar Hussain,Supplementary,1
2020,Imran Tahir,Supplementary,1
2020,Bilawal Bhatti,Supplementary,1
2020,Liam Livingstone,Supplementary,1
2020,Haider Ali Khan,Supplementary,1
2020,Keemo Paul,Supplementary,1
2020,Khurram Manzoor,Supplementary,1
2021,Shadab Khan,Platinum,5
2021,Alex Hales,Platinum,5
2021,Babar Azam,Platinum,5
2021,Mohammad Amir,Platinum,5
2021,Colin Ingram,Platinum,5
2021,Mohammad Hafeez,Platinum,5
2021,Shaheen Afridi,Platinum,5
2021,Shahid Afridi,Platinum,5
2021,Rilee Rossouw,Platinum,5
2021,Wahab Riaz,Platinum,5
2021,Shoaib Malik,Platinum,5
2021,Sarfaraz Ahmed,Platinum,5
2021,Hasan Ali,Platinum,5
2021,Rashid Khan,Platinum,5
2021,Chris Lynn,Platinum,5
2021,David Miller,Platinum,5
2021,Chris Gayle,Platinum,5
2021,Tom Banton,Platinum,5
2021,Usman Khawaja,Platinum,5
2021,Martin Guptill,Platinum,5
2021,Shakib Al Hasan,Platinum,5
2021,Mahmudullah,Platinum,5
2021,Andre Russell,Platinum,5
2021,Colin Munro,Diamond,4
2021,Faheem Ashraf,Diamond,4
2021,Imad Wasim,Diamond,4
2021,Fakhar Zaman,Diamond,4
2021,David Wiese,Diamond,4
2021,Haris Rauf,Diamond,4
2021,Sohail Tanvir,Diamond,4
2021,Imran Tahir,Diamond,4
2021,Khushdil Shah,Diamond,4
2021,Kamran Akmal,Diamond,4
2021,Ben Cutting,Diamond,4
2021,Mohammad Hasnain,Diamond,4
2021,Mohammad Nawaz,Diamond,4
2021,Lewis Gregory,Diamond,4
2021,Mohammad Nabi,Diamond,4
2021,Dan Christian,Diamond,4
2021,Mujeeb Ur Rahman,Diamond,4
2021,Sherfane Rutherford,Diamond,4
2021,Thisara Perera,Diamond,4
2021,Najibullah Zadran,Diamond,4
2021,James Faulkner,Diamond,4
2021,Fabian Allen,Diamond,4
2021,Hussain Talat,Gold,3
2021,Asif Ali,Gold,3
2021,Aamer Yamin,Gold,3
2021,Sharjeel Khan,Gold,3
2021,Ben Dunk,Gold,3
2021,Dilbar Hussain,Gold,3
2021,James Vince,Gold,3
2021,Shan Masood,Gold,3
2021,Usman Qadir,Gold,3
2021,Liam Livingstone,Gold,3
2021,Haider Ali,Gold,3
2021,Azam Khan,Gold,3
2021,Naseem Shah,Gold,3
2021,Phil Salt,Gold,3
2021,Chadwick Walton,Gold,3
2021,Joe Clarke,Gold,3
2021,Samit Patel,Gold,3
2021,Amad Butt,Gold,3
2021,Usman Shinwari,Gold,3
2021,Janneman Malan,Gold,3
2021,Joe Burns,Gold,3
2021,Rahmanullah Gurbaz,Gold,3
2021,Rovman Powell,Gold,3
2021,Muhammad Musa,Silver,2
2021,Zafar Gohar,Silver,2
2021,Waqas Maqsood,Silver,2
2021,Sohail Akhtar,Silver,2
2021,Zahid Mahmood,Silver,2
2021,Anwar Ali,Silver,2
2021,Rohail Nazir,Silver,2
2021,Reece Topley,Silver,2
2021,Iftikhar Ahmed,Silver,2
2021,Danish Aziz,Silver,2
2021,Mohammad Ilyas,Silver,2
2021,Zeeshan Malik,Silver,2
2021,Tom Abell,Silver,2
2021,Zeeshan Ashraf,Silver,2
2021,Agha Salman,Silver,2
2021,Muhammad Faizan,Silver,2
2021,Sohail Khan,Silver,2
2021,Mohammad Rizwan,Silver,2
2021,Sohaib Maqsood,Silver,2
2021,Sohaibullah,Silver,2
2021,Adam Lyth,Silver,2
2021,Umaid Asif,Silver,2
2021,Saqib Mahmood,Silver,2
2021,Imam-ul-Haq,Silver,2
2021,Mohammad Imran,Silver,2
2021,Mohammad Irfan,Silver,2
2021,Cameron Delport,Silver,2
2021,Qais Ahmad,Silver,2
2021,Abdul Nasir,Silver,2
2021,Liton Das,Silver,2
2021,Callum Ferguson,Silver,2
2021,George Linde,Silver,2
2021,Fidel Edwards,Silver,2
2021,Arshad Iqbal,Emerging,1
2021,Mohammad Wasim,Emerging,1
2021,Ahmed Safi Abdullah,Emerging,1
2021,Qasim Akram,Emerging,1
2021,Maaz Khan,Emerging,1
2021,Muhammad Zaid,Emerging,1
2021,Shahnawaz Dahani,Emerging,1
2021,Mohammad Umar,Emerging,1
2021,Abrar Ahmed,Emerging,1
2021,Mohammad Imran (Emerging),Emerging,1
2021,Saim Ayub,Emerging,1
2021,Arish Ali Khan,Emerging,1
2021,Chris Jordan,Supplementary,1
2021,Akif Javed,Supplementary,1
2021,Noor Ahmad,Supplementary,1
2021,Abbas Afridi,Supplementary,1
2021,Joe Denly,Supplementary,1
2021,Ahmed Daniyal,Supplementary,1
2021,Imran Khan,Supplementary,1
2021,Carlos Brathwaite,Supplementary,1
2021,Ravi Bopara,Supplementary,1
2021,Mohammad Amir Khan,Supplementary,1
2021,Dale Steyn,Supplementary,1
2021,Usman Khan,Supplementary,1
2021,Seekkuge Prasanna,Supplementary,1
2021,Obed McCoy,Supplementary,1
2022,Asif Ali,Platinum,5
2022,Hasan Ali,Platinum,5
2022,Babar Azam,Platinum,5
2022,Imad Wasim,Platinum,5
2022,Shaheen Afridi,Platinum,5
2022,Rashid Khan,Platinum,5
2022,Mohammad Rizwan,Platinum,5
2022,Rilee Rossouw,Platinum,5
2022,Wahab Riaz,Platinum,5
2022,Liam Livingstone,Platinum,5
2022,James Vince,Platinum,5
2022,Sarfaraz Ahmed,Platinum,5
2022,Colin Munro,Platinum,5
2022,Chris Jordan,Platinum,5
2022,Fakhar Zaman,Platinum,5
2022,Tim David,Platinum,5
2022,Hazratullah Zazai,Platinum,5
2022,Jason Roy,Platinum,5
2022,Shimron Hetmyer,Platinum,5
2022,Pat Brown,Platinum,5
2022,Fawad Ahmed,Platinum,5
2022,Will Smeed,Platinum,5
2022,Shadab Khan,Diamond,4
2022,Faheem Ashraf,Diamond,4
2022,Mohammad Nabi,Diamond,4
2022,Mohammad Amir,Diamond,4
2022,David Wiese,Diamond,4
2022,Haris Rauf,Diamond,4
2022,Mohammad Hafeez,Diamond,4
2022,Sohaib Maqsood,Diamond,4
2022,Imran Tahir,Diamond,4
2022,Shoaib Malik,Diamond,4
2022,Sherfane Rutherford,Diamond,4
2022,Haider Ali,Diamond,4
2022,Iftikhar Ahmed,Diamond,4
2022,Mohammad Nawaz,Diamond,4
2022,Marchant de Lange,Diamond,4
2022,Lewis Gregory,Diamond,4
2022,Odean Smith,Diamond,4
2022,James Faulkner,Diamond,4
2022,Johnson Charles,Diamond,4
2022,Hasan Khan,Diamond,4
2022,Alex Hales,Gold,3
2022,Mohammad Wasim Jr,Gold,3
2022,Azam Khan,Gold,3
2022,Joe Clarke,Gold,3
2022,Sharjeel Khan,Gold,3
2022,Aamer Yamin,Gold,3
2022,Shan Masood,Gold,3
2022,Khushdil Shah,Gold,3
2022,Shahnawaz Dahani,Gold,3
2022,Saqib Mahmood,Gold,3
2022,Hussain Talat,Gold,3
2022,Shahid Afridi,Gold,3
2022,Mohammad Hasnain,Gold,3
2022,Naseem Shah,Gold,3
2022,Abdullah Shafique,Gold,3
2022,Phil Salt,Gold,3
2022,Harry Brook,Gold,3
2022,Usman Qadir,Gold,3
2022,Matt Parkinson,Gold,3
2022,Ben Dunk,Gold,3
2022,Matty Potts,Gold,3
2022,Paul Stirling,Silver,2
2022,Mohammad Ilyas,Silver,2
2022,Sohail Akhtar,Silver,2
2022,Zeeshan Ashraf,Silver,2
2022,Ahmed Daniyal,Silver,2
2022,Tom Kohler-Cadmore,Silver,2
2022,Muhammad Akhlaq,Silver,2
2022,Reece Topley,Silver,2
2022,Danish Aziz,Silver,2
2022,Zafar Gohar,Silver,2
2022,Umaid Asif,Silver,2
2022,Tom Abell,Silver,2
2022,Rohail Nazir,Silver,2
2022,Mohammad Imran (Silver),Silver,2
2022,Kamran Ghulam,Silver,2
2022,Dean Foxcroft,Silver,2
2022,Rumman Raees,Silver,2
2022,Anwar Ali,Silver,2
2022,Asif Afridi,Silver,2
2022,Rovman Powell,Silver,2
2022,Imran Khan,Silver,2
2022,Salman Irshad,Silver,2
2022,Arshad Iqbal,Silver,2
2022,Sameen Gul,Silver,2
2022,Kamran Akmal,Silver,2
2022,Umar Akmal,Silver,2
2022,Sohail Tanvir,Silver,2
2022,Ben Duckett,Silver,2
2022,Khurram Shahzad,Silver,2
2022,Naveen-ul-Haq,Silver,2
2022,Luke Wood,Silver,2
2022,Ian Cockbain,Silver,2
2022,Waqas Maqsood,Silver,2
2022,Dominic Drakes,Silver,2
2022,Liam Dawson,Silver,2
2022,Mir Hamza,Silver,2
2022,Mubasir Khan,Emerging,1
2022,Zeeshan Zameer,Emerging,1
2022,Faisal Akram,Emerging,1
2022,Qasim Akram,Emerging,1
2022,Zaman Khan,Emerging,1
2022,Maaz Khan,Emerging,1
2022,Abbas Afridi,Emerging,1
2022,Aamer Azmat,Emerging,1
2022,Sirajuddin,Emerging,1
2022,Mohammad Amir Khan,Emerging,1
2022,Abdul Bangalzai,Emerging,1
2022,Ashir Qureshi,Emerging,1
2022,Arish Ali Khan,Emerging,1
2022,Mohammad Huraira,Emerging,1
2022,Mohammad Taha,Emerging,1
2022,Rahmanullah Gurbaz,Supplementary,1
2022,Athar Mahmood,Supplementary,1
2022,Talha Ahsan,Supplementary,1
2022,Romario Shepherd,Supplementary,1
2022,Samit Patel,Supplementary,1
2022,Syed Faridoun,Supplementary,1
2022,Blessing Muzarabani,Supplementary,1
2022,Ihsanullah,Supplementary,1
2022,Ben Cutting,Supplementary,1
2022,Mohammad Haris,Supplementary,1
2022,Noor Ahmad,Supplementary,1
2022,Ahsan Ali,Supplementary,1
2022,Muhammad Musa,Supplementary,1
2022,Zahir Khan,Supplementary,1
2022,Sahibzada Farhan,Supplementary,1
2022,Jordan Thompson,Supplementary,1
2022,Mohammad Imran (Supplementary),Supplementary,1
2022,Akif Javed,Supplementary,1
2022,David Willey,Supplementary,1
2022,Rizwan Hussain,Supplementary,1
2022,Mohammad Umar,Supplementary,1
2022,Sohail Khan,Supplementary,1
2022,Ghulam Mudassar,Supplementary,1
2022,Dan Lawrence,Supplementary,1
2022,Tom Lammonby,Supplementary,1
2022,Ali Imran,Supplementary,1
2023,Shadab Khan,Platinum,5
2023,Haider Ali,Platinum,5
2023,Shaheen Afridi,Platinum,5
2023,Rashid Khan,Platinum,5
2023,Mohammad Rizwan,Platinum,5
2023,Babar Azam,Platinum,5
2023,Mohammad Nawaz,Platinum,5
2023,Alex Hales,Platinum,5
2023,Rahmanullah Gurbaz,Platinum,5
2023,Matthew Wade,Platinum,5
2023,Imran Tahir,Platinum,5
2023,Fakhar Zaman,Platinum,5
2023,David Miller,Platinum,5
2023,Josh Little,Platinum,5
2023,Bhanuka Rajapaksa,Platinum,5
2023,Rovman Powell,Platinum,5
2023,Wanindu Hasaranga,Platinum,5
2023,Naseem Shah,Platinum,5
2023,Sam Billings,Platinum,5
2023,Richard Gleeson,Platinum,5
2023,Gus Atkinson,Platinum,5
2023,Tymal Mills,Platinum,5
2023,Izharulhaq Naveed,Platinum,5
2023,Johnson Charles,Platinum,5
2023,Qais Ahmad,Platinum,5
2023,Sheldon Cottrell,Platinum,5
2023,Asif Ali,Diamond,4
2023,Mohammad Wasim,Diamond,4
2023,Imad Wasim,Diamond,4
2023,Mohammad Amir,Diamond,4
2023,Shoaib Malik,Diamond,4
2023,Haris Rauf,Diamond,4
2023,David Wiese,Diamond,4
2023,Khushdil Shah,Diamond,4
2023,Shan Masood,Diamond,4
2023,Rilee Rossouw,Diamond,4
2023,Wahab Riaz,Diamond,4
2023,Sherfane Rutherford,Diamond,4
2023,Iftikhar Ahmed,Diamond,4
2023,Jason Roy,Diamond,4
2023,Fazalhaq Farooqi,Diamond,4
2023,James Vince,Diamond,4
2023,James Fuller,Diamond,4
2023,Hussain Talat,Diamond,4
2023,Mujeeb Ur Rahman,Diamond,4
2023,Odean Smith,Diamond,4
2023,Peter Hatzoglou,Diamond,4
2023,Dwaine Pretorius,Diamond,4
2023,Najibullah Zadran,Diamond,4
2023,Adam Rossington,Diamond,4
2023,Dasun Shanaka,Diamond,4
2023,Azam Khan,Gold,3
2023,Faheem Ashraf,Gold,3
2023,Hasan Ali,Gold,3
2023,Abdullah Shafique,Gold,3
2023,Shahnawaz Dahani,Gold,3
2023,Tim David,Gold,3
2023,Mohammad Haris,Gold,3
2023,Mohammad Hasnain,Gold,3
2023,Sarfaraz Ahmed,Gold,3
2023,Andrew Tye,Gold,3
2023,Sikandar Raza,Gold,3
2023,Liam Dawson,Gold,3
2023,Akeal Hosein,Gold,3
2023,Danish Aziz,Gold,3
2023,Arshad Iqbal,Gold,3
2023,Ahsan Ali,Gold,3
2023,Mohammad Hafeez,Gold,3
2023,Mohammad Ilyas,Gold,3
2023,Bismillah Khan,Gold,3
2023,Colin Munro,Silver,2
2023,Paul Stirling,Silver,2
2023,Aamer Yamin,Silver,2
2023,Mir Hamza,Silver,2
2023,Sharjeel Khan,Silver,2
2023,Kamran Ghulam,Silver,2
2023,Harry Brook,Silver,2
2023,Aamer Jamal,Silver,2
2023,Salman Irshad,Silver,2
2023,Tom Kohler-Cadmore,Silver,2
2023,Umar Akmal,Silver,2
2023,Naveen-ul-Haq,Silver,2
2023,Will Smeed,Silver,2
2023,Abrar Ahmed,Silver,2
2023,Sohaib Maqsood,Silver,2
2023,Rumman Raees,Silver,2
2023,Tayyab Tahir,Silver,2
2023,Muhammad Akhlaq,Silver,2
2023,Dilbar Hussain,Silver,2
2023,Mirza Tahir Baig,Silver,2
2023,Ahmed Daniyal,Silver,2
2023,Usama Mir,Silver,2
2023,Usman Khan,Silver,2
2023,Sameen Gul,Silver,2
2023,Anwar Ali,Silver,2
2023,Mohammad Sarwar,Silver,2
2023,Saim Ayub,Silver,2
2023,Usman Qadir,Silver,2
2023,Umaid Asif,Silver,2
2023,Muhammad Zahid,Silver,2
2023,Nuwan Thushara,Silver,2
2023,Shane Dadswell,Silver,2
2023,Akif Javed,Silver,2
2023,Qasim Akram,Emerging,1
2023,Zaman Khan,Emerging,1
2023,Abbas Afridi,Emerging,1
2023,Ihsanullah,Emerging,1
2023,Zeeshan Zameer,Emerging,1
2023,Hassan Nawaz,Emerging,1
2023,Irfan Khan,Emerging,1
2023,Shawaiz Irfan,Emerging,1
2023,Sufiyan Muqeem,Emerging,1
2023,Haseebullah Khan,Emerging,1
2023,Abdul Bangalzai,Emerging,1
2023,Aimal Khan,Emerging,1
2023,Moeen Ali,Supplementary,1
2023,Mubasir Khan,Supplementary,1
2023,Tabraiz Shamsi,Supplementary,1
2023,Mohammad Umar,Supplementary,1
2023,Jordan Cox,Supplementary,1
2023,Jalat Khan,Supplementary,1
2023,Adil Rashid,Supplementary,1
2023,Arafat Minhas,Supplementary,1
2023,James Neesham,Supplementary,1
2023,Khurram Shahzad,Supplementary,1
2023,Martin Guptill,Supplementary,1
2023,Omair Yousuf,Supplementary,1
2023,Kusal Mendis,Supplementary,1
2023,Wayne Parnell,Supplementary,1
2023,Faisal Akram,Supplementary,1
2023,Rassie van der Dussen,Supplementary,1
2023,Shai Hope,Supplementary,1
2023,Carlos Brathwaite,Supplementary,1
2023,Azmatullah Omarzai,Supplementary,1
2024,Jordan Cox,Platinum,5
2024,Kieron Pollard,Platinum,5
2024,Daniel Sams,Platinum,5
2024,Mohammad Nawaz,Platinum,5
2024,Fakhar Zaman,Platinum,5
2024,Rassie van der Dussen,Platinum,5
2024,David Willey,Platinum,5
2024,Noor Ahmad,Platinum,5
2024,Sherfane Rutherford,Platinum,5
2024,Mohammad Amir,Platinum,5
2024,Tymal Mills,Diamond,4
2024,Tim Seifert,Diamond,4
2024,Sahibzada Farhan,Diamond,4
2024,Dawid Malan,Diamond,4
2024,Asif Ali,Diamond,4
2024,Reeza Hendricks,Gold,3
2024,Reece Topley,Gold,3
2024,Naveen-ul-Haq,Gold,3
2024,Matthew Forde,Silver,2
2024,Salman Ali Agha,Silver,2
2024,Qasim Akram,Silver,2
2024,Shahab Khan,Silver,2
2024,Mohammad Amir Khan,Silver,2
2024,Anwar Ali,Silver,2
2024,Arafat Minhas,Silver,2
2024,Mohammad Imran,Silver,2
2024,Dan Lawrence,Silver,2
2024,Ahsan Hafeez,Silver,2
2024,Tayyab Tahir,Silver,2
2024,Shahnawaz Dahani,Silver,2
2024,Mohammad Ali,Silver,2
2024,Usman Khan,Silver,2
2024,Salman Irshad,Silver,2
2024,Arif Yaqoob,Silver,2
2024,Umair Afridi,Silver,2
2024,Daniel Mousley,Silver,2
2024,Saud Shakeel,Silver,2
2024,Sajjad Ali,Silver,2
2024,Usman Qadir,Silver,2
2024,Omair Yousuf,Silver,2
2024,Hunain Shah,Emerging,1
2024,Ubaid Shah,Emerging,1
2024,Sirajuddin,Emerging,1
2024,Jahandad Khan,Emerging,1
2024,Syed Faridoun,Emerging,1
2024,Yasir Khan,Emerging,1
2024,Mohammad Zeeshan,Emerging,1
2024,Adil Naz,Emerging,1
2024,Khawaja Nafay,Emerging,1
2024,Shamyl Hussain,Supplementary,1
2024,Tom Curran,Supplementary,1
2024,Saad Baig,Supplementary,1
2024,Jamie Overton,Supplementary,1
2024,Shai Hope,Supplementary,1
2024,Kamran Ghulam,Supplementary,1
2024,Chris Jordan,Supplementary,1
2024,Aftab Ibrahim,Supplementary,1
2024,Lungi Ngidi,Supplementary,1
2024,Mehran Mumtaz,Supplementary,1
2024,Akeal Hosein,Supplementary,1
2024,Sohail Khan,Supplementary,1
2024,Obed McCoy,Supplementary,1
2024,Haider Ali,Supplementary,1
2024,Leus du Plooy,Supplementary,1
2024,Mohammad Rohid,Supplementary,1
2024,Bhanuka Rajapaksa,Supplementary,1
2024,Tayyab Abbas,Supplementary,1
2024,Johnson Charles,Supplementary,1
2024,Mohammad Shehzad,Supplementary,1
2024,Luke Wood,Supplementary,1
2024,Sufiyan Muqeem,Supplementary,1
2024,Laurie Evans,Supplementary,1
2024,Usman Tariq,Supplementary,1
2024,Waqar Salamkheil,Supplementary,1
2024,Arshad Iqbal,Silver,2
2024,Gus Atkinson,Platinum,5
2024,Aimal Khan,Gold,3
2024,Lorcan Tucker,Silver,2
2024,George Linde,Platinum,5
2024,Muhammad Waseem,Supplementary,1
2024,Zahid Mahmood,Platinum,5
2024,Fawad Ali,Diamond,4
2024,Bismillah Khan,Platinum,5
2024,Umar Amin,Platinum,5
2024,Shamar Joseph,Platinum,5
2024,Blessing Muzarabani,Supplementary,1
2024,Salman Fayyaz,Supplementary,1
2024,Olly Stone,Gold,3
2024,Paul Walter,Supplementary,1
2024,Carlos Brathwaite,Supplementary,1
2024,Martin Guptill,Supplementary,1
2024,Ali Majid,Silver,2
2024,Hussain Talat,Supplementary,1
2024,Richard Ngarava,Gold,3
2024,Imran Tahir,Gold,3
2024,Sam Billings,Platinum,5
2025,Shadab Khan,Platinum,5
2025,Naseem Shah,Platinum,5
2025,Mohammad Rizwan,Platinum,5
2025,Usama Mir,Platinum,5
2025,Babar Azam,Platinum,5
2025,Saim Ayub,Platinum,5
2025,Shaheen Shah Afridi,Platinum,5
2025,Fakhar Zaman,Platinum,5
2025,Matthew Short,Platinum,5
2025,David Warner,Platinum,5
2025,Adam Milne,Platinum,5
2025,Abbas Afridi,Platinum,5
2025,Daryl Mitchell,Platinum,5
2025,Michael Bracewell,Platinum,5
2025,Tom Kohler-Cadmore,Platinum,5
2025,Mark Chapman,Platinum,5
2025,Faheem Ashraf,Platinum,5
2025,Finn Allen,Platinum,5
2025,Kyle Mayers,Platinum,5
2025,Imad Wasim,Diamond,4
2025,Azam Khan,Diamond,4
2025,David Willey,Diamond,4
2025,Iftikhar Ahmed,Diamond,4
2025,Usman Khan,Diamond,4
2025,Mohammad Haris,Diamond,4
2025,Abrar Ahmed,Diamond,4
2025,Mohammad Amir,Diamond,4
2025,Rilee Rossouw,Diamond,4
2025,Hasan Ali,Diamond,4
2025,James Vince,Diamond,4
2025,Haris Rauf,Diamond,4
2025,Sikandar Raza,Diamond,4
2025,Jason Holder,Diamond,4
2025,Khushdil Shah,Diamond,4
2025,Kusal Perera,Diamond,4
2025,Corbin Bosch,Diamond,4
2025,Mohammad Ali,Diamond,4
2025,George Linde,Diamond,4
2025,Salman Ali Agha,Gold,3
2025,Haider Ali,Gold,3
2025,Chris Jordan,Gold,3
2025,Akeal Hosein,Gold,3
2025,Saud Shakeel,Gold,3
2025,Mohammad Wasim Jnr,Gold,3
2025,Muhammad Irfan Khan,Gold,3
2025,Shan Masood,Gold,3
2025,Abdullah Shafique,Gold,3
2025,Jahandad Khan,Gold,3
2025,Zaman Khan,Gold,3
2025,Ben Dwarshuis,Gold,3
2025,Aamir Jamal,Gold,3
2025,Mohammad Hasnain,Gold,3
2025,Kamran Ghulam,Gold,3
2025,Abdul Samad,Gold,3
2025,Nahid Rana,Gold,3
2025,Hussain Talat,Gold,3
2025,Colin Munro,Silver,2
2025,Rumman Raees,Silver,2
2025,Faisal Akram,Silver,2
2025,Arif Yaqoob,Silver,2
2025,Mehran Mumtaz,Silver,2
2025,Sufyan Moqim,Silver,2
2025,Khawaja Muhammad Nafay,Silver,2
2025,Usman Tariq,Silver,2
2025,Arafat Minhas,Silver,2
2025,Tim Seifert,Silver,2
2025,Zahid Mehmood,Silver,2
2025,David Wiese,Silver,2
2025,Salman Irshad,Silver,2
2025,Mohammad Nawaz,Silver,2
2025,Andries Gous,Silver,2
2025,Mir Hamza,Silver,2
2025,Litton Das,Silver,2
2025,Asif Afridi,Silver,2
2025,Asif Ali,Silver,2
2025,Rishad Hossain,Silver,2
2025,Muhammad Akhlaq,Silver,2
2025,Akif Javed,Silver,2
2025,Tayyab Tahir,Silver,2
2025,Gudakesh Motie,Silver,2
2025,Josh Little,Silver,2
2025,Max Bryant,Silver,2
2025,Najibullah Zadran,Silver,2
2025,Khurram Shehzad,Silver,2
2025,Haseebullah Khan,Silver,2
2025,Kyle Jamieson,Silver,2
2025,Ben McDermott,Silver,2
2025,Curtis Campher,Silver,2
2025,Ali Raza,Emerging,1
2025,Saad Masood,Emerging,1
2025,Hunain Shah,Emerging,1
2025,Riazullah,Emerging,1
2025,Fawad Ali,Emerging,1
2025,Momin Qamar,Emerging,1
2025,Mohammad Azab,Emerging,1
2025,Shahid Aziz,Emerging,1
2025,Ubaid Shah,Emerging,1
2025,Maaz Sadaqat,Emerging,1
2025,Hassan Nawaz,Emerging,1
2025,Mohammad Zeeshan,Emerging,1
2025,Riley Meredith,Supplementary,1
2025,Rassie van der Dussen,Supplementary,1
2025,Mohammad Shehzad,Supplementary,1
2025,Sahibzada Farhan,Supplementary,1
2025,Kane Williamson,Supplementary,1
2025,Mohammad Nabi,Supplementary,1
2025,Omair Yousuf,Supplementary,1
2025,Mirza Mamoon,Supplementary,1
2025,Tom Curran,Supplementary,1
2025,Sam Billings,Supplementary,1
2025,Salman Mirza,Supplementary,1
2025,Muhammad Naeem,Supplementary,1
2025,Johnson Charles,Supplementary,1
2025,Shai Hope,Supplementary,1
2025,Yasir Khan,Supplementary,1
2025,Muhammad Amir Barki,Supplementary,1
2025,Alzarri Joseph,Supplementary,1
2025,Ahmed Daniyal,Supplementary,1
2025,Mitchell Owen,Supplementary,1
2025,Kusal Mendis,Supplementary,1
2025,Sean Abbott,Supplementary,1
2025,Shoaib Malik,Supplementary,1
2025,Danish Aziz,Supplementary,1
2025,Alex Carey,Supplementary,1
2025,Saad Baig,Supplementary,1
2025,Ashton Turner,Supplementary,1
2026,Saim Ayub,Platinum,5
2026,Shadab Khan,Platinum,5
2026,Shaheen Shah Afridi,Platinum,5
2026,Babar Azam,Platinum,5
2026,Abrar Ahmed,Platinum,5
2026,Mohammad Nawaz,Platinum,5
2026,Usman Tariq,Diamond,4
2026,Mohammad Rizwan,Platinum,5
2026,Hassan Ali,Platinum,5
2026,Usman Khan,Diamond,4
2026,Sufiyan Muqeem,Diamond,4
2026,Hassan Nawaz,Gold,3
2026,Salman Mirza,Diamond,4
2026,Khushdil Shah,Gold,3
2026,Abbas Afridi,Diamond,4
2026,Sam Billings,Diamond,4
2026,Sikandar Raza,Gold,3
2026,Abdul Samad,Gold,3
2026,Ahmed Daniyal,Gold,3
2026,Abdullah Shafique,Diamond,4
2026,Akif Javed,Gold,3
2026,Ali Raza,Emerging,1
2026,Andries Gous,Silver,2
2026,Salman Irshad,Gold,3
2026,Zaman Khan,Gold,3
2026,Shamyl Hussain,Emerging,1
2026,Saad Masood,Emerging,1
2026,Mohammad Naeem,Silver,2
2026,Saad Baig,Emerging,1
2026,Yasir Khan,Emerging,1
2026,Steve Smith,Platinum,5
2026,Moeen Ali,Platinum,5
2026,Mustafizur Rahman,Platinum,5
2026,Devon Conway,Platinum,5
2026,Aaron Hardie,Platinum,5
2026,Marnus Labuschagne,Platinum,5
2026,Alzarri Joseph,Platinum,5
2026,Faheem Ashraf,Platinum,5
2026,David Warner,Platinum,5
2026,Rilee Rossouw,Platinum,5
2026,Mohammad Ali,Gold,3
2026,Haris Rauf,Platinum,5
2026,Naseem Shah,Platinum,5
2026,Azam Khan,Gold,3
2026,Sahibzada Farhan,Platinum,5
2026,Rishad Hossain,Gold,3
2026,Mehran Mumtaz,Silver,2
2026,Faisal Akram,Gold,3
2026,Aamir Jamal,Gold,3
2026,Arafat Minhas,Gold,3
2026,Usama Mir,Diamond,4
2026,Jahandad Khan,Gold,3
2026,Salman Ali Agha,Platinum,5
2026,Fakhar Zaman,Platinum,5
2026,Daryl Mitchell,Platinum,5
2026,Max Bryant,Silver,2
2026,Khurram Shahzad,Gold,3
2026,Mohammad Amir,Platinum,5
2026,Ubaid Shah,Silver,2
2026,Kusal Perera,Diamond,4
2026,Mohammad Haris,Gold,3
2026,Khawaja Nafay,Gold,3
2026,Haseebullah Khan,Gold,3
2026,Shahid Aziz,Silver,2
2026,Irfan Khan Niazi,Gold,3
2026,Abdullah Fazal,Silver,2
2026,Mark Chapman,Platinum,5
2026,Ashton Turner,Platinum,5
2026,Mohammad Wasim Jr.,Diamond,4
2026,Mir Hamza,Gold,3
2026,Adam Zampa,Platinum,5
2026,Peter Siddle,Diamond,4
2026,Tabraiz Shamsi,Diamond,4
2026,Amad Butt,Silver,2
2026,Wasim Akram Jr.,Silver,2
2026,Khan Zaib,Silver,2
2026,Mir Hamza Sajjad,Silver,2
2026,Mohammad Hamza Sohail,Silver,2
2026,Bismillah Khan,Silver,2
2026,Khalid Usman,Silver,2
2026,Aqib Ilyas,Silver,2
2026,Mohammad Farooq,Silver,2
2026,Sameer Minhas,Silver,2
2026,Saqib Khan,Silver,2
2026,Sameen Gul,Silver,2
2026,Abdul Subhan,Silver,2
2026,Brett Hampton,Silver,2
2026,Hassan Khan,Gold,3
2026,Shayan Jahangir,Silver,2
2026,Samuel Harper,Silver,2
2026,Shamar Joseph,Gold,3
2026,Bevon Jacobs,Silver,2
2026,Lachlan Shaw,Silver,2
2026,Delano Potgieter,Silver,2
2026,Khuzaima Bin Tanveer,Silver,2
2026,Ottniel Baartman,Gold,3
2026,Hammad Azam,Silver,2
2026,Saud Shakeel,Silver,2
2026,Shan Masood,Silver,2
2026,Dian Forrester,Silver,2
2026,Ben McDermott,Gold,3
2026,Muhammad Waseem,Gold,3
2026,Laurie Evans,Gold,3
2026,Nahid Rana,Silver,2
2026,Parvez Hossain,Silver,2
2026,Asif Afridi,Silver,2
2026,Asif Ali,Silver,2
2026,Haider Ali,Silver,2
2026,Hussain Talat,Silver,2
2026,Ihsanullah,Silver,2
2026,Kamran Ghulam,Silver,2
2026,Mohammad Hasnain,Silver,2
2026,Sharjeel Khan,Silver,2
2026,Tayyab Tahir,Silver,2
2026,Dipendra Singh Airee,Silver,2
2026,Asif Mehmood,Silver,2
2026,Fawad Ali,Silver,2
2026,Hunain Shah,Silver,2
2026,Mohammad Amir Khan,Silver,2
2026,Momin Qamar,Silver,2
2026,Muhammad Awais Zafar,Silver,2
2026,Rizwan Mehmood,Silver,2
2026,Shahzaib Khan,Silver,2
2026,Tom Curran,Platinum,5
2026,Gudakesh Motie,Gold,3
2026,Mirza Tahir Baig,Silver,2
2026,Saad Ali,Silver,2
2026,Rizwanullah,Silver,2
2026,Mohammad Tayyab Arif,Silver,2
